epoch,train_loss,val_macro_f1,repeat,fold
0,0.8711625193935961,0.5837380416742738,0,0
1,0.43042049432148943,0.705061136540631,0,0
2,0.26934136550221754,0.7455845327173152,0,0
3,0.2013349367475722,0.7579280241543466,0,0
4,0.16594031936563025,0.7710345703091877,0,0
5,0.14320269037121977,0.7720659702541641,0,0
6,0.12704056374907524,0.7864671537128624,0,0
7,0.11396959636418486,0.7858778388244266,0,0
8,0.10382391367291083,0.7889141827907666,0,0
9,0.09540652116980479,0.7986705318534115,0,0
10,0.0885927154894838,0.7987594436541867,0,0
11,0.08264514446752669,0.8053981069706917,0,0
12,0.07731044842439605,0.7983636619495297,0,0
13,0.0726361499693216,0.80032643016943,0,0
14,0.06873717157004701,0.8013347210874441,0,0
15,0.06541319876039008,0.803737132595641,0,0
16,0.06192257200003378,0.8057260424587042,0,0
17,0.059115426633778966,0.8051108992498045,0,0
18,0.05687868633841973,0.8019431422371799,0,0
19,0.05442943663120388,0.8063118426735599,0,0
20,0.05223716426602952,0.8049362364031515,0,0
21,0.050547017530805254,0.8043242277432991,0,0
22,0.048580216630588986,0.8054295907470334,0,0
23,0.04726465043271423,0.8055073777187293,0,0
24,0.045493530567234854,0.8026513616497856,0,0
25,0.044285298899678985,0.801921159268813,0,0
26,0.04337372782206187,0.8028657574719974,0,0
27,0.04194012470958228,0.8030165976576605,0,0
28,0.040799779021885245,0.802989244649447,0,0
29,0.03979678638970843,0.803854092818348,0,0
0,0.8600485030065097,0.4710753164135993,0,1
1,0.42714915183485536,0.4936805427372932,0,1
2,0.27203383352528526,0.5216304354953828,0,1
3,0.2062561296793407,0.523127769452714,0,1
4,0.17269746605456016,0.547648951019906,0,1
5,0.14957166470506536,0.5442873192424267,0,1
6,0.13374765687922627,0.5493162499533997,0,1
7,0.12149316857529877,0.5547086207866158,0,1
8,0.11093842143432407,0.5665967820753942,0,1
9,0.10292452917703188,0.5667613174755526,0,1
10,0.0962324282746662,0.5720138780316469,0,1
11,0.08975353080373971,0.5676461513029342,0,1
12,0.08561426465712343,0.5752641466271053,0,1
13,0.0810235872289172,0.5808449004831905,0,1
14,0.07707127824502906,0.576636459421133,0,1
15,0.07309588128494672,0.5792967529050315,0,1
16,0.06993687224455504,0.5745625992295987,0,1
17,0.06714275894748872,0.5803591413343462,0,1
18,0.06445792840299773,0.5811501157442835,0,1
19,0.06230944429282529,0.5783669346566233,0,1
20,0.06040485534909981,0.5845679012345679,0,1
21,0.05825881203404026,0.5860971541338441,0,1
22,0.05636811266586121,0.5865631682000632,0,1
23,0.054847339365598005,0.5910439443247903,0,1
24,0.05313634669940762,0.5872811565902145,0,1
25,0.05150087193546012,0.5872470269217945,0,1
26,0.050645728332784114,0.5867577328923962,0,1
27,0.049441179293074025,0.5893766983423142,0,1
28,0.048450389655865816,0.5910084888554538,0,1
29,0.04722662085647073,0.5903454850379735,0,1
30,0.046229543105589015,0.5930260170682302,0,1
31,0.04558579839004473,0.5922711928056713,0,1
32,0.04471750088822179,0.5913076927569417,0,1
33,0.04407626262186442,0.5964006195241761,0,1
34,0.043381107420964564,0.5935437440640582,0,1
35,0.042725003241538106,0.5917042112686505,0,1
36,0.04204078584390039,0.5954651152370886,0,1
37,0.041538616762554874,0.5945955515144,0,1
38,0.04107959104374619,0.5956811023787322,0,1
39,0.04059981732500706,0.5981417425773516,0,1
40,0.04015497307833135,0.5986381363458249,0,1
41,0.03986342190938124,0.5996332062762794,0,1
42,0.03950152010623992,0.5966808799858645,0,1
43,0.03918745999719756,0.5991775933840915,0,1
44,0.038975559725999497,0.6000546014340836,0,1
45,0.03872144584435649,0.5977846816167913,0,1
46,0.03842473044215903,0.5967505528333192,0,1
47,0.03816977778411928,0.5991814134400565,0,1
48,0.037966361200043014,0.5986732807428139,0,1
49,0.037904151410454015,0.5981255129958313,0,1
50,0.0377519506236404,0.5991951901065166,0,1
51,0.03766309571361631,0.5994193626377179,0,1
52,0.03759521230427067,0.5986555714534141,0,1
53,0.037626721126343694,0.5991632478983145,0,1
54,0.03745003192002516,0.5994887646041316,0,1
0,0.8147990307848035,0.4145142479154699,0,2
1,0.39505839381684266,0.4760896850393663,0,2
2,0.2522998981295324,0.49806914711021416,0,2
3,0.19084024875572678,0.5007106205708655,0,2
4,0.15826694036351144,0.5172459850841596,0,2
5,0.13687244855674408,0.5178834731519663,0,2
6,0.12164066824376521,0.5248225786032,0,2
7,0.11120810415654528,0.5269525768526213,0,2
8,0.10166621893550319,0.5257805862174839,0,2
9,0.0935506342744727,0.5275886572691872,0,2
10,0.08752237999915576,0.5260222566117814,0,2
11,0.08282817728527588,0.5280540183553754,0,2
12,0.07753000186852226,0.5291518427551362,0,2
13,0.07364451455581075,0.5265643460548741,0,2
14,0.06994820342455,0.5302140160567709,0,2
15,0.06747699167763523,0.5254918981760338,0,2
16,0.06405079576131015,0.5306985953798332,0,2
17,0.06143336014667394,0.5282808801624423,0,2
18,0.05929186213937843,0.5321122402549916,0,2
19,0.057001242522624264,0.5296890197004145,0,2
20,0.05511934397983062,0.5325518650865081,0,2
21,0.05288525998482694,0.5299394171835858,0,2
22,0.05134420889957596,0.5303554587122193,0,2
23,0.050021960923975074,0.5321189796396985,0,2
24,0.04868004988608676,0.5342949514803622,0,2
25,0.047709498844931114,0.5303148207243157,0,2
26,0.04625321977099033,0.5319460671902964,0,2
27,0.04536945814566469,0.5319604923127573,0,2
28,0.044101024234959256,0.5297966940743911,0,2
29,0.04374213046487323,0.5316789420821164,0,2
30,0.042566026691601984,0.5311972805866619,0,2
31,0.04159369376281396,0.5317345675554767,0,2
32,0.04088307296001322,0.5320251808539753,0,2
33,0.04079435218427209,0.5325327948910095,0,2
34,0.039593711486781556,0.5326402842458685,0,2
0,0.7826402067082712,0.38200064853814913,0,3
1,0.3750509541078218,0.4437884655440709,0,3
2,0.243312551201543,0.4699444029771904,0,3
3,0.1861736930231668,0.48697500716267034,0,3
4,0.15618220716144807,0.4972442821259376,0,3
5,0.13621512913081096,0.5059365806059355,0,3
6,0.12163022153608029,0.5106080188176149,0,3
7,0.11008202665695038,0.5150084785070764,0,3
8,0.1008569063497236,0.5103808748895428,0,3
9,0.09360251365969945,0.5172741215162474,0,3
10,0.08735573481850213,0.5192751491180313,0,3
11,0.0814181383125462,0.5137086286612019,0,3
12,0.0773879688508798,0.519341784516032,0,3
13,0.07253144589431013,0.5209440407904758,0,3
14,0.06897318863695417,0.5206917273348233,0,3
15,0.06595388911839574,0.5197284280770927,0,3
16,0.06293575241648704,0.5249759353423968,0,3
17,0.06032218323410345,0.52286604254801,0,3
18,0.05809745975942192,0.5233141459376214,0,3
19,0.055807424681309024,0.5264302190080937,0,3
20,0.053976183048081876,0.5270483232606283,0,3
21,0.05207056320771283,0.5290984277392045,0,3
22,0.05038950088556991,0.5303790511018384,0,3
23,0.049051035197624965,0.5293017974312164,0,3
24,0.04737721899468751,0.5251304675493056,0,3
25,0.04642389601481092,0.5297893443891949,0,3
26,0.045131246854629214,0.5321877933994378,0,3
27,0.04392867130086401,0.5312807948629891,0,3
28,0.04289986542947749,0.5321370490643155,0,3
29,0.04192407562447605,0.5295650941237072,0,3
30,0.04120416218712755,0.5323688804689666,0,3
31,0.040362637504692586,0.5323413294356972,0,3
32,0.03963805826645312,0.5314956876223773,0,3
33,0.038750374258290955,0.5324218172816068,0,3
34,0.03829308854169058,0.532835434782684,0,3
35,0.037620677077992715,0.5349602978353577,0,3
36,0.037046536631415564,0.5323748592009762,0,3
37,0.036720101350541975,0.5324140993432331,0,3
38,0.03621817632417579,0.5335943397505695,0,3
39,0.03558612798996891,0.5341521872026247,0,3
40,0.03522561776701877,0.5341874169978172,0,3
41,0.03504418780957366,0.5359919757050993,0,3
42,0.03460140119725426,0.5347381878667617,0,3
43,0.03426907021714789,0.5347566056593922,0,3
44,0.03398992005702654,0.5362171266065351,0,3
45,0.03384079952157382,0.5360377431324895,0,3
46,0.03368562131066351,0.5360210422755785,0,3
47,0.03340783973685287,0.5360072676279056,0,3
48,0.03317194342114832,0.5366340674271527,0,3
49,0.0331411864327572,0.5371597382477148,0,3
50,0.03298784483577179,0.5374005485333609,0,3
51,0.032952002493049984,0.5368745959722173,0,3
52,0.0327946172626289,0.5371597382477148,0,3
53,0.032707161417582974,0.5371597382477148,0,3
54,0.032644187573680254,0.5371597382477148,0,3
55,0.03260634551577027,0.5371597382477148,0,3
56,0.03250463369324541,0.5371597382477148,0,3
57,0.0325859082794125,0.5371597382477148,0,3
58,0.032596660724280475,0.5371597382477148,0,3
59,0.03255650816683379,0.5371597382477148,0,3
0,0.8213272452622096,0.4355403490638395,0,4
1,0.40721970912807803,0.5392379541699566,0,4
2,0.27152650566127556,0.5853157477671992,0,4
3,0.20821168967677864,0.6068530269537883,0,4
4,0.17549722205166896,0.6103739263622288,0,4
5,0.15287173988266325,0.6254659530018948,0,4
6,0.13792498473494477,0.6332683589337682,0,4
7,0.12555029810080712,0.6431319921423942,0,4
8,0.11607682753263622,0.6486767254314761,0,4
9,0.10686721440463645,0.6576817681946778,0,4
10,0.0998889971616927,0.6574634161671801,0,4
11,0.09427986674748592,0.6571710342912666,0,4
12,0.08896918352486408,0.6617125707889391,0,4
13,0.0843055056475404,0.6792241829807516,0,4
14,0.08039573516104132,0.6858131196849137,0,4
15,0.07654029881452674,0.6796282899436593,0,4
16,0.0734318478895372,0.6901624627599791,0,4
17,0.07096335041103169,0.6878093848731082,0,4
18,0.06800268228046721,0.6920404241779469,0,4
19,0.06684413198245188,0.7005918121081821,0,4
20,0.06392879720712999,0.7006850130479362,0,4
21,0.06264466755893376,0.7008086502006003,0,4
22,0.06053950409888094,0.7064523095589639,0,4
23,0.05853724576527558,0.6893192754139806,0,4
24,0.05687562556097804,0.6939363332837417,0,4
25,0.054953788147626886,0.6977435563819613,0,4
26,0.05347142562435694,0.7038933284436134,0,4
27,0.0526078359112302,0.6971416598482039,0,4
28,0.05116967897033669,0.6993275286672137,0,4
29,0.05025853416912172,0.700859380513097,0,4
30,0.04917196966610854,0.7012018253140643,0,4
31,0.04852623080945246,0.7015875100297259,0,4
32,0.047597623721849856,0.7045842772808868,0,4
0,0.8782430696287987,0.5673055844021885,1,0
1,0.43038605513028927,0.6807095246709163,1,0
2,0.26868372146846303,0.7283060215699041,1,0
3,0.20085369379725135,0.7459279862204888,1,0
4,0.16597743083636163,0.7536604130056506,1,0
5,0.14408777570307277,0.7476410742192693,1,0
6,0.12821483141873827,0.7587848368838025,1,0
7,0.11517372132374185,0.7706496882453502,1,0
8,0.10538060507540158,0.7762960275127769,1,0
9,0.09709587857733941,0.7834649047548866,1,0
10,0.09047118327005835,0.7863092925998707,1,0
11,0.08473005359159476,0.7838569509717027,1,0
12,0.07926239559869365,0.7793522898456643,1,0
13,0.07466920743768454,0.7834234145835531,1,0
14,0.0707927308009697,0.784311222859205,1,0
15,0.06694583632560626,0.7867026629522292,1,0
16,0.06358311733494225,0.7852276614496304,1,0
17,0.06100890619240574,0.7849987015417157,1,0
18,0.05842516629758804,0.785093814180604,1,0
19,0.05608306175973351,0.7856474695235326,1,0
20,0.05411621755584094,0.7844895252469809,1,0
21,0.05204397185799204,0.7859114836521495,1,0
22,0.050654459265797966,0.7859031124417166,1,0
23,0.048853921531340425,0.7890384447955449,1,0
24,0.047253932219114614,0.7877463587731248,1,0
25,0.04594299954628355,0.7890189242212475,1,0
26,0.04469064374825863,0.7883932582457919,1,0
27,0.043508132112881896,0.7884875411427344,1,0
28,0.04263612138090692,0.7864559110442754,1,0
29,0.04162690092896914,0.7867050099002485,1,0
30,0.04079535003279038,0.7864398965001743,1,0
31,0.03981981189459331,0.7884203109526428,1,0
32,0.039003185690941446,0.7870725762939353,1,0
33,0.03844112945773942,0.786701426215612,1,0
0,0.8409044341176382,0.4545495463601196,1,1
1,0.40627633981818756,0.4682379586526857,1,1
2,0.25499141282756754,0.48157848565354144,1,1
3,0.19068251877279546,0.49452256698013114,1,1
4,0.1570213431100729,0.5030751661314014,1,1
5,0.13590616272025455,0.512073824725472,1,1
6,0.12007259138719205,0.503507140263184,1,1
7,0.10825224082655258,0.5005839004257854,1,1
8,0.09876592299321937,0.5222708674885876,1,1
9,0.09119160497248194,0.5255959939653928,1,1
10,0.08464979285191596,0.5252257993646284,1,1
11,0.0791115441105894,0.5332898751559259,1,1
12,0.07438374754494191,0.5352558639457584,1,1
13,0.06975447747938192,0.5343400503076339,1,1
14,0.0662734582977376,0.5451152774943343,1,1
15,0.06300642999651324,0.5407713513953339,1,1
16,0.06046820634981812,0.5368523416204812,1,1
17,0.057520573026468194,0.5385337609767767,1,1
18,0.05490069956827866,0.5423671833584595,1,1
19,0.05292727042713891,0.5455320842481878,1,1
20,0.050980926953394054,0.5483899050785291,1,1
21,0.04897435745713737,0.55214872560118,1,1
22,0.04731251936497134,0.5457960760915944,1,1
23,0.046167975121343824,0.5457260160310659,1,1
24,0.04444817914347464,0.5512947795023925,1,1
25,0.04338494011449296,0.5511919313767423,1,1
26,0.04234909218644649,0.554363356691442,1,1
27,0.040916870194059464,0.5542015033697963,1,1
28,0.040059515522107375,0.5570316426513314,1,1
29,0.03907999699675956,0.5568858957009022,1,1
30,0.038412670608418444,0.5550688432146277,1,1
31,0.03748943165931549,0.5584182337290166,1,1
32,0.036714034543303194,0.5572979889063918,1,1
33,0.036018720329085395,0.557882290018518,1,1
34,0.0355288144372377,0.5591266298302816,1,1
35,0.03479040343996758,0.5581476370901967,1,1
36,0.03422259295917598,0.5559766344247293,1,1
37,0.033919353991133515,0.5600699974464906,1,1
38,0.03342090770764996,0.558100867933451,1,1
39,0.032901118047397496,0.5604136248177537,1,1
40,0.03260059688337524,0.5608683861300211,1,1
41,0.03223436070025495,0.5591946306308556,1,1
42,0.03194879659819811,0.5575285266948211,1,1
43,0.031657369318838516,0.5584507014359609,1,1
44,0.031546927052173615,0.559766043070746,1,1
45,0.031206849389779672,0.5608255903708153,1,1
46,0.030971582566684686,0.5608940370391963,1,1
47,0.03072633157429941,0.560578479300332,1,1
48,0.03067627874861281,0.5603008330944794,1,1
49,0.030645974836682428,0.5603008330944794,1,1
50,0.030420397709323935,0.5608561824827816,1,1
51,0.03038745380683618,0.5605534602188867,1,1
52,0.030237126488928633,0.560284271784548,1,1
53,0.030087840320482274,0.5605534602188867,1,1
54,0.030124908807461832,0.5605534602188867,1,1
55,0.03012543320321716,0.5608309848982627,1,1
56,0.030035066218421117,0.5608561824827816,1,1
0,0.8330026376084038,0.4247531652682166,1,2
1,0.4191739944243658,0.5045677937959195,1,2
2,0.2685516259840236,0.5293997714876316,1,2
3,0.20295516270195194,0.5457398923254543,1,2
4,0.16867807490835132,0.5521997066591856,1,2
5,0.14648371552969575,0.5535761736925617,1,2
6,0.1300354188888601,0.5547017789941958,1,2
7,0.11856197861977757,0.5597559365168124,1,2
8,0.10866923532730766,0.5628968238553695,1,2
9,0.10059722469195385,0.5581135690286988,1,2
10,0.09368763345874669,0.5572949208238432,1,2
11,0.08900143170811314,0.5619237621717333,1,2
12,0.08299920178941259,0.560753920711402,1,2
13,0.07867038327055205,0.5624839836909211,1,2
14,0.07461588178151496,0.5632567978347437,1,2
15,0.07153862363361005,0.5630030550407273,1,2
16,0.06832564609459048,0.565095704297904,1,2
17,0.06591809942549848,0.5644926299437754,1,2
18,0.06346027274941572,0.5695768275395773,1,2
19,0.06103058336438064,0.5651746851628433,1,2
20,0.059072300161960196,0.5664183170816717,1,2
21,0.057294144764276016,0.5683887536448079,1,2
22,0.055673319620356695,0.5677536984795192,1,2
23,0.0540325328526867,0.5658874119837359,1,2
24,0.052456560207468306,0.5638667450811663,1,2
25,0.05131074140037948,0.5643812597622144,1,2
26,0.05005221622566858,0.5671737237088569,1,2
27,0.04942407066616095,0.5670011464600982,1,2
28,0.04767927109808562,0.5655725895005729,1,2
0,0.7737351417541504,0.3706387915996898,1,3
1,0.3622328690120152,0.42681565758567075,1,3
2,0.23191421031951903,0.4552401751215501,1,3
3,0.1760879627295903,0.4804077791202954,1,3
4,0.14786465636321477,0.48922184369967053,1,3
5,0.12868699580430984,0.49228053823977774,1,3
6,0.11404039838484355,0.49940668736253446,1,3
7,0.10297188290527888,0.4934899007083016,1,3
8,0.09485755200896945,0.4928750142938822,1,3
9,0.08716772283826556,0.5004263099098631,1,3
10,0.08118316233158111,0.4968303618193928,1,3
11,0.07625967445118087,0.5057135241575537,1,3
12,0.07175136325614793,0.5003014086574386,1,3
13,0.06822237968444825,0.5014153846153846,1,3
14,0.064650702050754,0.5017698711892654,1,3
15,0.06125126332044602,0.5037840260571484,1,3
16,0.058769692480564115,0.502181678165052,1,3
17,0.05659179463982582,0.5045926855255698,1,3
18,0.05405239819415978,0.5060591208411785,1,3
19,0.05201288844857897,0.5060811095686318,1,3
20,0.05090507726584162,0.5048497591225901,1,3
21,0.049680816648261884,0.5067235014084878,1,3
22,0.046926367336085864,0.5063995558118181,1,3
23,0.045484121143817904,0.5081100527766771,1,3
24,0.04424884138362748,0.5130165009622455,1,3
25,0.04309423789381981,0.5099359915451641,1,3
26,0.04185099458055837,0.5125883400430121,1,3
27,0.04102121032774449,0.5086722226149966,1,3
28,0.039782775246671266,0.5131961894538083,1,3
29,0.03922912089952401,0.5116317710185752,1,3
30,0.0381028984274183,0.5137003539779709,1,3
31,0.03753821620983737,0.5137266937879902,1,3
32,0.03687178742672716,0.5144340172018578,1,3
33,0.036182452046445435,0.5153686481971472,1,3
34,0.03557468753840242,0.5155015869940063,1,3
35,0.03502512558230332,0.5161152111884534,1,3
36,0.03461252621241978,0.5147741012805445,1,3
37,0.03403249084949493,0.5150677558733937,1,3
38,0.03351734546678407,0.51540884507764,1,3
39,0.03312014048652989,0.517935528142849,1,3
40,0.032808819306748255,0.5174098531893673,1,3
41,0.03242398484476975,0.5174214189255997,1,3
42,0.03216541388205119,0.5172334422881444,1,3
43,0.03188584925872939,0.5185505081899725,1,3
44,0.03163384890982083,0.5178317494188119,1,3
45,0.0314735506262098,0.5203762113870108,1,3
46,0.031220570685608046,0.5200564377197842,1,3
47,0.031052022001573018,0.5188823937442816,1,3
48,0.030910036340355874,0.5192786270303921,1,3
49,0.030770236573049,0.5192553152490781,1,3
50,0.03067089162234749,0.5214764014891227,1,3
51,0.030528944092137474,0.5197806870032002,1,3
52,0.03042651382940156,0.5197806870032002,1,3
53,0.030356829560228758,0.5209034769935814,1,3
54,0.030353276378342082,0.5208304693038158,1,3
55,0.030303059944084713,0.5197809843968321,1,3
56,0.030269224462764605,0.5208304693038158,1,3
57,0.030301519456718648,0.5208304693038158,1,3
58,0.030234946523393903,0.5203060350462788,1,3
59,0.03022508259330477,0.5203060350462788,1,3
0,0.8038983450126692,0.46504823752705055,1,4
1,0.3961369939864195,0.5380433009269429,1,4
2,0.2648172687932374,0.5675549045245797,1,4
3,0.20538238372379028,0.5806091572164599,1,4
4,0.173859324520287,0.5893000438369068,1,4
5,0.15236568939660866,0.5977494186134432,1,4
6,0.1372846098320793,0.5982155725824605,1,4
7,0.12475064471034733,0.6010210746802146,1,4
8,0.11496471461653016,0.6076264707407569,1,4
9,0.10692997873661324,0.6093995317027163,1,4
10,0.09995422705533089,0.6133658788723281,1,4
11,0.09420530266139529,0.6127291980192687,1,4
12,0.0890877166146399,0.6135051877259865,1,4
13,0.08574707413044162,0.6136984001572411,1,4
14,0.08060831539150892,0.617104116158616,1,4
15,0.0770879572378283,0.6194521328167594,1,4
16,0.0743704899178463,0.6239915368962751,1,4
17,0.07096930115697522,0.6238075962759541,1,4
18,0.06831690009963266,0.6283855749025055,1,4
19,0.06596507805014633,0.6304056009702178,1,4
20,0.06403825367244351,0.6303198970070611,1,4
21,0.06194341860089393,0.634873183305617,1,4
22,0.06035804353562531,0.628766117852393,1,4
23,0.05829382900717952,0.6289410635624288,1,4
24,0.057018037048342005,0.640202881550811,1,4
25,0.05572022308399855,0.6359554500917405,1,4
26,0.05397501305373055,0.6363731374605698,1,4
27,0.052815422283151475,0.6345674939912932,1,4
28,0.051787147470465034,0.6406186161878019,1,4
29,0.05084751358948549,0.6414389728822657,1,4
30,0.049839434593701035,0.6432402583132312,1,4
31,0.049002206964696884,0.6465855633187917,1,4
32,0.04806759415372468,0.6469116193454779,1,4
33,0.047453765167479296,0.642201910323264,1,4
34,0.046745850546681955,0.6428823623778014,1,4
35,0.04598763923131052,0.6477003238200444,1,4
36,0.04515517461342184,0.6480394415509881,1,4
37,0.04475610900932854,0.6497800214162387,1,4
38,0.04414077015616612,0.6461846355803654,1,4
39,0.043738642035459026,0.6525909602976245,1,4
40,0.04319446130453584,0.6524282129071647,1,4
41,0.0427289484751158,0.6510863377393318,1,4
42,0.04261482553437411,0.6511128924865545,1,4
43,0.04221499710755172,0.6542068127234623,1,4
44,0.04168839676851144,0.6515355473110219,1,4
45,0.04159929623095538,0.6529109978034936,1,4
46,0.0414419584106251,0.6533555989158195,1,4
47,0.04112629987131332,0.6523911055438779,1,4
48,0.040939573026980376,0.6524137502622612,1,4
49,0.04070114069316076,0.6525838846827997,1,4
50,0.040681242013003945,0.6537422245176715,1,4
51,0.04056787892749737,0.653958104981123,1,4
52,0.040352810189824624,0.6532597847367049,1,4
53,0.04033559411729483,0.6529621549746211,1,4
0,0.8785423268638249,0.6170044080104716,2,0
1,0.4364092041900211,0.746297033885082,2,0
2,0.27626619089260557,0.7799277953941907,2,0
3,0.20760754677237586,0.7998878892184478,2,0
4,0.17230965174802176,0.7982352896515875,2,0
5,0.1494889366521529,0.8121246159845464,2,0
6,0.13288086093459886,0.8112798682604999,2,0
7,0.12025046152398118,0.812084764446645,2,0
8,0.11028705930762445,0.8189274359111538,2,0
9,0.10150090068739458,0.8216053243643787,2,0
10,0.09444610654328728,0.8190360645629139,2,0
11,0.08858494658400305,0.8235966580206534,2,0
12,0.08286246870532285,0.8188632917159997,2,0
13,0.0780932330568651,0.816466024075392,2,0
14,0.07435257142155333,0.8153757308606351,2,0
15,0.07019729941323505,0.8171225005328209,2,0
16,0.06731674317147224,0.817832057524367,2,0
17,0.06415781556653988,0.817154611852667,2,0
18,0.06163722502086408,0.8141436273755663,2,0
19,0.05929890483778521,0.815684689144487,2,0
20,0.05713111909892256,0.8148294977027897,2,0
21,0.05498453663841536,0.8121739287385159,2,0
0,0.8448618708830117,0.4606579249971308,2,1
1,0.42094023866793373,0.48728392562814893,2,1
2,0.26933364905837426,0.522178502705359,2,1
3,0.20292379373756003,0.5254966105688398,2,1
4,0.16797608681376308,0.5272754790118264,2,1
5,0.14558886046737904,0.5448668254345586,2,1
6,0.12922148960169497,0.5456922714058313,2,1
7,0.1162582314714083,0.5520775705236455,2,1
8,0.10630546466827931,0.5546267557400222,2,1
9,0.09878054515502792,0.5533231410586247,2,1
10,0.09168456283568259,0.5646457474577337,2,1
11,0.08546115495348623,0.5630641518633174,2,1
12,0.08035514391706436,0.5677532346856644,2,1
13,0.0764897412458607,0.5693790769908158,2,1
14,0.07295588037802188,0.5695567844274332,2,1
15,0.06909104904525705,0.5669192964204806,2,1
16,0.06590131020202862,0.5676912643635521,2,1
17,0.0632410344955749,0.5724872825290578,2,1
18,0.06094303714704298,0.5767298006681622,2,1
19,0.05879927024278899,0.5786662167284387,2,1
20,0.05689603090958994,0.5750644404252434,2,1
21,0.05459060224769616,0.5788859927073234,2,1
22,0.05278359926547477,0.5780828750247441,2,1
23,0.05123224478072022,0.5847995048517739,2,1
24,0.049980008507958924,0.5807030139552837,2,1
25,0.04863586042152032,0.584728774160539,2,1
26,0.04725203164779575,0.5825027185060171,2,1
27,0.04602836516452428,0.5883335202237832,2,1
28,0.04498202075538463,0.5886024770484303,2,1
29,0.0442249436393952,0.5851126612102814,2,1
30,0.04327277163922383,0.5885345479532617,2,1
31,0.0424659661376853,0.5897330485390314,2,1
32,0.04165879091748265,0.5914524300378518,2,1
33,0.04077642290236987,0.5906026766403474,2,1
34,0.04037664647699748,0.5916735164805261,2,1
35,0.03961654774188726,0.5913475080158473,2,1
36,0.03916611077167245,0.5922202701822673,2,1
37,0.0386667867512789,0.5914488130479327,2,1
38,0.03824680833898603,0.5925442635857009,2,1
39,0.03772407877458676,0.5958939228461612,2,1
40,0.037290547875599184,0.5936547078624493,2,1
41,0.0368402700829183,0.5919552087955694,2,1
42,0.03660901650769582,0.593376668847591,2,1
43,0.03634736292888295,0.5950810504122905,2,1
44,0.036053965737702615,0.5942463812626911,2,1
45,0.0358504475340348,0.5920460832797567,2,1
46,0.03561451459644072,0.5939672139410702,2,1
47,0.03547473793374227,0.5939375418460067,2,1
48,0.03531046927681626,0.5923132006650437,2,1
49,0.03505851562990561,0.5939360565689425,2,1
0,0.8187294212437868,0.4670998217848488,2,2
1,0.4055042307381369,0.5492285122992692,2,2
2,0.2626264362419219,0.5680542617205514,2,2
3,0.20135892964113086,0.5934465370056875,2,2
4,0.16716926003151011,0.5982800097813493,2,2
5,0.14576174575777168,0.6056466222799808,2,2
6,0.13089969991955258,0.614311668345425,2,2
7,0.11897076530662383,0.6134523649749835,2,2
8,0.10942044581213539,0.6153132471636412,2,2
9,0.10154694400625236,0.61919797096037,2,2
10,0.09472171772573064,0.6214560284692254,2,2
11,0.08971926843515278,0.6212147836863707,2,2
12,0.08404112547063211,0.6217135481487143,2,2
13,0.07994896641593685,0.6245191162066649,2,2
14,0.07642259302040119,0.6241322056988091,2,2
15,0.07362971203428095,0.6260889874479425,2,2
16,0.07006092443115357,0.6265017042896649,2,2
17,0.06714045391247347,0.6269187909011786,2,2
18,0.06420534581302807,0.625089155515858,2,2
19,0.06194198585435531,0.627993913903393,2,2
20,0.06032746754881715,0.626194419104943,2,2
21,0.057917931944166286,0.6285090258060715,2,2
22,0.05623309606921584,0.6293847599735701,2,2
23,0.05492571196341299,0.6256330526817643,2,2
24,0.05319294812911533,0.6262253496440384,2,2
25,0.05221969739976782,0.6291908914951209,2,2
26,0.05081664747208836,0.6298132079235451,2,2
27,0.04970375409220876,0.6306655882109217,2,2
28,0.04855785113782326,0.629550940848174,2,2
29,0.04739398011371764,0.632052215063439,2,2
30,0.04665311569598978,0.6332123264724646,2,2
31,0.04610257168431428,0.6339194012564239,2,2
32,0.045307399757287044,0.6347193513844754,2,2
33,0.04443618668234094,0.6342971711461679,2,2
34,0.04355580786691282,0.6328284304497056,2,2
35,0.04299138348149334,0.6344190817842208,2,2
36,0.042364588103779174,0.6350507511213799,2,2
37,0.04182390786888168,0.6358930423231891,2,2
38,0.041357403711656755,0.6373867287411245,2,2
39,0.04095054032524999,0.6345525685740092,2,2
40,0.040489703540857215,0.63577914490366,2,2
41,0.04001365350116239,0.636902541834853,2,2
42,0.03976383054856492,0.6381450269392802,2,2
43,0.039425824568021475,0.6383043567135441,2,2
44,0.03916010219068127,0.6389183927050158,2,2
45,0.03886913692719726,0.6383176936736125,2,2
46,0.03869862686860287,0.6380827575044835,2,2
47,0.03845901721293198,0.6411544479044317,2,2
48,0.03827272015894214,0.6405105209245591,2,2
49,0.03814663403201799,0.6398673129192095,2,2
50,0.03801523364369026,0.6387865169272459,2,2
51,0.037796897435514454,0.6389314007847592,2,2
52,0.03765831613754127,0.6383176936736125,2,2
53,0.03769234372871211,0.6406392779443402,2,2
54,0.037589017711458506,0.6406535688513458,2,2
55,0.037560471392547416,0.6401697943762651,2,2
56,0.03749142959205284,0.6406535688513458,2,2
57,0.037492327931076964,0.6406535688513458,2,2
0,0.7821428011281797,0.3832180903964873,2,3
1,0.37114842775677853,0.4542138068637002,2,3
2,0.23819061454350102,0.4567796678246312,2,3
3,0.1811150480754023,0.47974056419814737,2,3
4,0.15290381354356286,0.49360640649839255,2,3
5,0.13371029288838832,0.4986279213842864,2,3
6,0.11943016536115261,0.5019701762486747,2,3
7,0.10800713203467474,0.5037444843006991,2,3
8,0.09909458967149515,0.4989799363625113,2,3
9,0.09242534515099372,0.5043247215363452,2,3
10,0.08558094974159679,0.5074789479331169,2,3
11,0.08020649927965298,0.5035211902139037,2,3
12,0.07578604004459331,0.5069566929811424,2,3
13,0.07244853223951706,0.5086187456017647,2,3
14,0.06866986142244438,0.5058222648433964,2,3
15,0.06525158204376542,0.5094959482067679,2,3
16,0.06243082286601656,0.5088600532236641,2,3
17,0.05976506631077624,0.5107210911740064,2,3
18,0.057542536481764155,0.5100668003148169,2,3
19,0.05543138287066383,0.5097992472968788,2,3
20,0.053620203840083466,0.512186757467297,2,3
21,0.052437412073592635,0.5116153014826139,2,3
22,0.05042540799108372,0.5154237545989322,2,3
23,0.04861722976394326,0.5156560377998719,2,3
24,0.04772047971052503,0.5170250466250003,2,3
25,0.046111586488390546,0.5201776358184366,2,3
26,0.045161455176616135,0.5183774207285187,2,3
27,0.04379450691768911,0.5201008723811099,2,3
28,0.04296258556943905,0.522010696114119,2,3
29,0.041857116671348296,0.516823465433109,2,3
30,0.04121779861667595,0.5176702140150948,2,3
31,0.040430933190388936,0.518684293395336,2,3
32,0.03946637669570145,0.5231165473714122,2,3
33,0.038777228493111444,0.5237486033553751,2,3
34,0.0382389208895952,0.5234154245147258,2,3
35,0.03764595150908934,0.5224840031145375,2,3
36,0.03727724712242211,0.522992035563555,2,3
37,0.03659471686745937,0.522375338301642,2,3
38,0.03615657730284006,0.5246865463373954,2,3
39,0.035613567108737566,0.5246754493952446,2,3
40,0.03537875422910049,0.52188668237629,2,3
41,0.03491910674762989,0.525166522713115,2,3
42,0.03461581486612945,0.5250751893263876,2,3
43,0.034350497855796004,0.5252976851834837,2,3
44,0.03404086331419112,0.5259117418612796,2,3
45,0.033816473653528745,0.5250751893263876,2,3
46,0.033616692491049587,0.5253730985125568,2,3
47,0.03344847120074177,0.5253931737871885,2,3
48,0.03328174346528284,0.5248536618956235,2,3
49,0.03315045049634594,0.5253912415896148,2,3
50,0.03303989056133977,0.5264645137945488,2,3
51,0.032960260021295026,0.525448885191511,2,3
52,0.03282572733851708,0.5249117682700067,2,3
53,0.03273667489937543,0.525448885191511,2,3
54,0.0326943711829255,0.525448885191511,2,3
55,0.032603408977093115,0.5253730985125568,2,3
56,0.032625161384231535,0.5260035163617828,2,3
57,0.03254660258718421,0.5260035163617828,2,3
58,0.032555539334835217,0.5260035163617828,2,3
59,0.03256671044205991,0.5260035163617828,2,3
0,0.8184229091766777,0.4625981991781054,2,4
1,0.4113097008299306,0.5620320570150305,2,4
2,0.2722075291940168,0.6127025643699747,2,4
3,0.21017356278951857,0.6295201887167378,2,4
4,0.17743783537232716,0.6450163156078682,2,4
5,0.15577293037526946,0.6554378756754665,2,4
6,0.1396774789973501,0.6570769406834508,2,4
7,0.12727727424121132,0.671278631413919,2,4
8,0.11714127346070563,0.6753756443694362,2,4
9,0.10895387856743247,0.6888038717756547,2,4
10,0.10176422422253589,0.6874341975324979,2,4
11,0.09580061458256267,0.6781597022023987,2,4
12,0.08997285276672415,0.6843196331078127,2,4
13,0.08617411045586745,0.690031912331689,2,4
14,0.08136379237148067,0.6954021219539119,2,4
15,0.0780573005018389,0.6924130889084145,2,4
16,0.07499128081460078,0.6993369670124072,2,4
17,0.07158209383487701,0.6958874458874459,2,4
18,0.06889914322782056,0.6965074337861905,2,4
19,0.06612615398116194,0.704250862111374,2,4
20,0.06450817658287922,0.7062014405315077,2,4
21,0.06214625530875562,0.6993703299179846,2,4
22,0.06038106474223571,0.7096347075886719,2,4
23,0.05884012993546941,0.705195968482605,2,4
24,0.05729878999834424,0.7077126057856281,2,4
25,0.055852557726377906,0.7087542278164625,2,4
26,0.054617061197996086,0.7115990437922929,2,4
27,0.05307221747593049,0.7091690383641596,2,4
28,0.05230204710551526,0.7161471484475238,2,4
29,0.051531616683371965,0.711422373137144,2,4
30,0.050199790809314915,0.7158164664634225,2,4
31,0.04895286963627328,0.7161181966693274,2,4
32,0.04849923061352846,0.716055352422383,2,4
33,0.047738724095267956,0.7165777378695667,2,4
34,0.04702189529563954,0.712433539328987,2,4
35,0.04625425659123588,0.7123253483426034,2,4
36,0.045551845258339746,0.715976282285141,2,4
37,0.04528552211226926,0.7120263201868399,2,4
38,0.044588545485857764,0.7183096077295144,2,4
39,0.04414516966768053,0.7161013327539187,2,4
40,0.04361439856670585,0.715083839677393,2,4
41,0.043183274617078195,0.7152083931984934,2,4
42,0.04292350178713716,0.7167411121101757,2,4
43,0.04254616599269711,0.7165425120593069,2,4
44,0.04230161221275972,0.7206060878327838,2,4
45,0.04188505797295311,0.7165343538235031,2,4
46,0.04174905101731648,0.7164541578975049,2,4
47,0.0415951366762194,0.7154613937465703,2,4
48,0.04130000813873592,0.7153548424642442,2,4
49,0.04127472895717893,0.7143401583105914,2,4
50,0.04112621861762143,0.7142542589715634,2,4
51,0.041003884715638254,0.7148644708705448,2,4
52,0.040840223608606424,0.7142542589715634,2,4
53,0.040864398063256216,0.7142542589715634,2,4
54,0.040728903677681706,0.7142542589715634,2,4
0,0.8770387779625018,0.5427992079276925,3,0
1,0.43748897538657605,0.6646987622983003,3,0
2,0.27695298116785294,0.717802391310676,3,0
3,0.20880092693276636,0.7403055873090493,3,0
4,0.1740441937839814,0.7412308816858242,3,0
5,0.15132998950594873,0.7362651379352356,3,0
6,0.13521057736453984,0.7556816972379764,3,0
7,0.12313605741035519,0.7337653252575927,3,0
8,0.11219248773998823,0.7447260368799359,3,0
9,0.10334197612870315,0.7694091034323999,3,0
10,0.09598505767220157,0.7567194649728385,3,0
11,0.08943812794682256,0.7711960892744826,3,0
12,0.08413319386629269,0.7758947590952965,3,0
13,0.07940022497786381,0.7729160597040997,3,0
14,0.07537368735519506,0.7676518788347614,3,0
15,0.0718675154362073,0.7733352494218444,3,0
16,0.06811536357409019,0.7780269262984398,3,0
17,0.0648144248285303,0.7668378192900329,3,0
18,0.06240384340519389,0.7740969069953733,3,0
19,0.06010591367932311,0.7785416593466166,3,0
20,0.05799949658935042,0.7769756448799172,3,0
21,0.05561875510751968,0.7748524318357184,3,0
22,0.053992684222417826,0.7727038656602304,3,0
23,0.05228156940489424,0.7777804022092868,3,0
24,0.05067392923083579,0.7748868320949835,3,0
25,0.049304145632853257,0.7749353634507705,3,0
26,0.04785162793494266,0.7781791441441999,3,0
27,0.04680985772528114,0.7730713580626721,3,0
28,0.045734394484987624,0.7798691805276364,3,0
29,0.04439583851226073,0.7756349418601243,3,0
30,0.04361498047934051,0.781877747288374,3,0
31,0.04279871222889719,0.7770732628492033,3,0
32,0.04206691768695509,0.7746779761365407,3,0
33,0.04105837732174639,0.7773344725781169,3,0
34,0.04038839369546015,0.7762588199017246,3,0
35,0.039786071037919764,0.7744623414631183,3,0
36,0.039222976153490595,0.7783276471411741,3,0
37,0.0387014336077766,0.7714294812397697,3,0
38,0.03821326305475353,0.7767724364896088,3,0
39,0.03782685084324306,0.775401338361,3,0
40,0.037262085463846836,0.7750116767599128,3,0
0,0.8520588717134157,0.4630673266705441,3,1
1,0.4196473786780763,0.4862834706685936,3,1
2,0.26332924984086586,0.5031096418562002,3,1
3,0.19806615106627026,0.5022177178470166,3,1
4,0.16383825225070295,0.5094294131839928,3,1
5,0.14203120463957622,0.519729634519709,3,1
6,0.1249531773866569,0.5338144292668316,3,1
7,0.11305074085363394,0.5229594790693669,3,1
8,0.10305846635639945,0.5348277222772952,3,1
9,0.09527747457597059,0.5344249350905816,3,1
10,0.08832853407465381,0.5349809935573488,3,1
11,0.08304173550713745,0.5342352627857622,3,1
12,0.07786058990356244,0.5345028122190952,3,1
13,0.07321638636818951,0.5333815083323766,3,1
14,0.06994510709007291,0.5369211021249102,3,1
15,0.06626904912872517,0.5373579138777725,3,1
16,0.06334518852224913,0.5365882050162364,3,1
17,0.060601109232629326,0.539245652085503,3,1
18,0.057654997294490265,0.5443130095901868,3,1
19,0.05582609657037499,0.5373557681983413,3,1
20,0.05351371224268546,0.5420071282240416,3,1
21,0.051885696284473835,0.5378679287112353,3,1
22,0.050171607328328,0.5412047719065882,3,1
23,0.04845568641471826,0.5422253092088817,3,1
24,0.046870439769276184,0.536808628619104,3,1
25,0.045727225415135304,0.5406765369829206,3,1
26,0.04459024596305457,0.5412848754468501,3,1
27,0.04338103815582024,0.5397182539629495,3,1
28,0.042419605451642806,0.5408104524093139,3,1
0,0.825589525700889,0.39375878946417026,3,2
1,0.4028774324154678,0.47395496055864644,3,2
2,0.25488945905303434,0.49397698608356394,3,2
3,0.19110360984529215,0.5082936431560284,3,2
4,0.15826917589092826,0.5139468203785545,3,2
5,0.1379813736483921,0.523860558732358,3,2
6,0.122686009472436,0.5263934512635883,3,2
7,0.11159975016655772,0.5297403798229098,3,2
8,0.10236229076973585,0.5319700345117406,3,2
9,0.09562111500363717,0.5306531236074563,3,2
10,0.08887133237554304,0.5393708060585705,3,2
11,0.08384220076860392,0.5382371077509651,3,2
12,0.07900089282658274,0.5379448461161527,3,2
13,0.07518129127458074,0.5393936442442121,3,2
14,0.07125691369043789,0.5376814822055684,3,2
15,0.06831325466964773,0.5386974506347949,3,2
16,0.06549622148319947,0.538071168088186,3,2
17,0.06305420841082919,0.5378390985219762,3,2
18,0.06078063394890651,0.5403785329153362,3,2
19,0.05873212841806115,0.5388951159298142,3,2
20,0.05680270132241296,0.5396352732421011,3,2
21,0.05484662752412677,0.5402520610078316,3,2
22,0.052827967067165846,0.5450339006110908,3,2
23,0.05142433289985679,0.5485542415535706,3,2
24,0.05029336632893083,0.54647839428061,3,2
25,0.04874237065629602,0.5498200730509192,3,2
26,0.047642271804568884,0.5461051104851542,3,2
27,0.0467886260029451,0.5475098788734664,3,2
28,0.0456976351007738,0.5498432445337111,3,2
29,0.044512765228767424,0.5495192334521996,3,2
30,0.04376846795843753,0.5504260428991928,3,2
31,0.04292165563059673,0.5527522757189107,3,2
32,0.04213239438612929,0.5509578325345904,3,2
33,0.04158964965541436,0.551079759569087,3,2
34,0.04088502914077985,0.5539106433133951,3,2
35,0.040325498419520614,0.5526489905572555,3,2
36,0.03980597533542699,0.5534166823773256,3,2
37,0.039254105040912396,0.5528187750529607,3,2
38,0.038781778208991806,0.5530338058433865,3,2
39,0.03851506624805782,0.554539186714874,3,2
40,0.03791424429153367,0.5530669633890214,3,2
41,0.0376532740398307,0.5527332935774125,3,2
42,0.037281772207547144,0.5531088908780204,3,2
43,0.03698790563709597,0.553878929597576,3,2
44,0.036723662153859,0.5542286957137273,3,2
45,0.03640172939881684,0.553791791816039,3,2
46,0.036320530013445415,0.553615559139223,3,2
47,0.036015708434237605,0.5536333144214228,3,2
48,0.03588521809691949,0.5536893213879454,3,2
49,0.03580128184948807,0.5536515266890428,3,2
0,0.7358426950081166,0.3324758588210985,3,3
1,0.32899464307549353,0.44808774730225714,3,3
2,0.20461590214692507,0.478427931713941,3,3
3,0.15532491984857538,0.4885244542194697,3,3
4,0.13056969282681274,0.4948330013647597,3,3
5,0.11289028439437218,0.5054132191888674,3,3
6,0.1007695297118032,0.5070850588399864,3,3
7,0.09175917632676191,0.5126695710456838,3,3
8,0.08350017445431825,0.5119531867504599,3,3
9,0.07727667949707899,0.5156411973148339,3,3
10,0.07244944407239844,0.5244398326432617,3,3
11,0.06704698381537862,0.5350095740628346,3,3
12,0.0630765360888865,0.530006711349389,3,3
13,0.05886221304245443,0.5283700371354184,3,3
14,0.05583687622449866,0.5345735752459673,3,3
15,0.0530267692629386,0.5374580796196521,3,3
16,0.05056033218624876,0.5394289165386894,3,3
17,0.048502336070646836,0.5407121916063543,3,3
18,0.04664485850728744,0.5409778461840277,3,3
19,0.04494650800186431,0.5408757641168699,3,3
20,0.04342318264416324,0.5405866997010221,3,3
21,0.04222534474403227,0.5402240672335042,3,3
22,0.04044162703076215,0.5386964975327773,3,3
23,0.03930038259035761,0.5440877679568189,3,3
24,0.03920528398556418,0.5370851362406727,3,3
25,0.0367874697626412,0.5412670672793685,3,3
26,0.035629780316873284,0.5405295722219633,3,3
27,0.03494063267005733,0.5390229849038141,3,3
28,0.03414895334887284,0.5445126747494012,3,3
29,0.03337975997768815,0.5413668795916352,3,3
30,0.03236437842520793,0.5391663601582354,3,3
31,0.032046148794541277,0.5409155942484963,3,3
32,0.03133837751924298,0.5438054459656744,3,3
33,0.030755065842883757,0.5440633570812788,3,3
34,0.03028916883315451,0.544747275067119,3,3
35,0.02987883985581928,0.5443419911100819,3,3
36,0.029298020452501607,0.5485392797161975,3,3
37,0.029011245376541123,0.5412138850681997,3,3
38,0.028553267435854967,0.5442007249389433,3,3
39,0.028294923102346447,0.5445448833282753,3,3
40,0.02790139234169566,0.5448013006005636,3,3
41,0.027593047978355028,0.5455225029373177,3,3
42,0.02733104856858435,0.5430156349381522,3,3
43,0.027119517878779975,0.5435566640526222,3,3
44,0.026812098005722023,0.5449085888238139,3,3
45,0.02662258190005895,0.5444381112891162,3,3
46,0.026541691980525802,0.5453833666876934,3,3
0,0.8080617767397666,0.28264977091501503,3,4
1,0.38722424962750995,0.36016781039816803,3,4
2,0.2523356735771047,0.3765083787246594,3,4
3,0.19443477072493132,0.40087178246198746,3,4
4,0.16290361406878204,0.418880249946507,3,4
5,0.14244080262256625,0.4237578154917638,3,4
6,0.12703566840494881,0.4373527125828926,3,4
7,0.11507217904449674,0.4386922048213038,3,4
8,0.10502357463333169,0.4399424644320789,3,4
9,0.09729163398183518,0.45225228630023323,3,4
10,0.09026283811571544,0.45442425208565806,3,4
11,0.08445482348515597,0.453493594088809,3,4
12,0.07948360233754728,0.4544128283793898,3,4
13,0.07476935881745154,0.46008585636868066,3,4
14,0.07110866723212046,0.4565595688830402,3,4
15,0.06736777794509964,0.4566053854143521,3,4
16,0.06439741649761004,0.4651204469111625,3,4
17,0.061679411946465215,0.4570901973712978,3,4
18,0.058963092460209074,0.46562871424164415,3,4
19,0.05698202178205781,0.4649127379394962,3,4
20,0.05511046450961296,0.4629564341714099,3,4
21,0.05300330119723218,0.4618933271951751,3,4
22,0.05110130168004093,0.4632635730493104,3,4
23,0.049687044870969914,0.46642914049102807,3,4
24,0.04831381140764192,0.46200868742967344,3,4
25,0.04730219426246342,0.46953044375644987,3,4
26,0.04588510162570189,0.4657804483427011,3,4
27,0.04473184216666429,0.46924284294308527,3,4
28,0.04347448297225173,0.4714874442799828,3,4
29,0.04254340709436859,0.46543449055797903,3,4
30,0.04176158227034552,0.4682466643348566,3,4
31,0.040911682215433294,0.46844142111345627,3,4
32,0.040316089838905,0.470676157965662,3,4
33,0.03947088947432696,0.4670755746353759,3,4
34,0.03867241285466281,0.47022815343083607,3,4
35,0.03804651546685367,0.469830828596217,3,4
36,0.037693325654238496,0.4675591310267662,3,4
37,0.037013830435052755,0.4711441501648264,3,4
38,0.03644253955132669,0.4713866711623745,3,4
0,0.8724328014029175,0.5621530759505581,4,0
1,0.4389952865645135,0.681910861986282,4,0
2,0.27826809975927674,0.7286818352894904,4,0
3,0.20769096908007173,0.7423374828643802,4,0
4,0.1721317411294033,0.7546028279972704,4,0
5,0.1498701855230909,0.7521376983038967,4,0
6,0.1335015154259074,0.7574601502949871,4,0
7,0.12007073662140201,0.7736139628195898,4,0
8,0.10953150105488164,0.7734577611645301,4,0
9,0.10101326352083854,0.7698944521555307,4,0
10,0.0935935591316671,0.7740406184471399,4,0
11,0.08727541706214963,0.7747943640236832,4,0
12,0.08222059621942909,0.769021851683692,4,0
13,0.07782308910883598,0.7771941765336844,4,0
14,0.07336996382657573,0.7702170047617414,4,0
15,0.06975088560575314,0.7740595385411017,4,0
16,0.06631477882793736,0.7729768478366906,4,0
17,0.0634669312710993,0.7703481222563303,4,0
18,0.060798459651811375,0.7716192748029155,4,0
19,0.058589111516381985,0.7757027830725297,4,0
20,0.05621225726424734,0.774401334826398,4,0
21,0.05413579230173295,0.7780981023052057,4,0
22,0.052719332410360524,0.7757249750009395,4,0
23,0.05087959103551438,0.7723180735662324,4,0
24,0.049355603685465356,0.7712970923893897,4,0
25,0.04794419615414846,0.7751507798017672,4,0
26,0.0466962936166278,0.77316022658102,4,0
27,0.0455100561445648,0.777898384095686,4,0
28,0.04415228535861764,0.7720227794163478,4,0
29,0.043411875732917035,0.7760290055754409,4,0
30,0.042192253454952505,0.7698456018077017,4,0
31,0.041544810941077315,0.7725400610991412,4,0
0,0.853233686173845,0.4705810702797763,4,1
1,0.4138280056385589,0.49758595861235594,4,1
2,0.2562206098324272,0.5112672874995794,4,1
3,0.1899293775446511,0.5327920248658761,4,1
4,0.1566648624518921,0.5348291108669808,4,1
5,0.1341382198058145,0.5395108346042544,4,1
6,0.1183575592356443,0.5364585745714527,4,1
7,0.10623970187478292,0.5454418452019324,4,1
8,0.09618737427388811,0.5336067151526019,4,1
9,0.08858632286231177,0.5502693631761097,4,1
10,0.08156534200203412,0.5517825794335887,4,1
11,0.07656723881282769,0.5518336737007309,4,1
12,0.07162275021645693,0.5524180139398228,4,1
13,0.06747999008271724,0.5473072827461899,4,1
14,0.06404640934441838,0.5530645684395834,4,1
15,0.060621544678371976,0.5511674066433901,4,1
16,0.0580071954214738,0.5583417463474795,4,1
17,0.05490900455586599,0.5656166960848683,4,1
18,0.05255202374441806,0.5584163948833115,4,1
19,0.05064564415896822,0.5573319004447495,4,1
20,0.04886676970283932,0.564835546505254,4,1
21,0.0472312419063567,0.5568009348978761,4,1
22,0.04569171912281862,0.5641789088310628,4,1
23,0.044110402149529,0.5690455096866159,4,1
24,0.04277077420047792,0.5663084171387013,4,1
25,0.04129963086257492,0.5690866673717004,4,1
26,0.040174400723667694,0.563750872464433,4,1
27,0.03917910377979996,0.5687810072754623,4,1
28,0.03813080848707699,0.5644072796589891,4,1
29,0.037249623137665826,0.5700473531959385,4,1
30,0.03649791766278791,0.5674268226941134,4,1
31,0.0356955319986169,0.5673577857785012,4,1
32,0.0350799061178551,0.5701772425396204,4,1
33,0.034398118731515874,0.5696692193148113,4,1
34,0.03380144548471759,0.5696505451281181,4,1
35,0.033313630430464064,0.5713324813514647,4,1
36,0.032829349770612706,0.5714920485471325,4,1
37,0.032402558116077444,0.5708264277794503,4,1
38,0.031901127370921045,0.5725230637226972,4,1
39,0.03143728744801558,0.5717309497860223,4,1
40,0.03107341733289583,0.5706737593151486,4,1
41,0.030695336502245003,0.5719144912447335,4,1
42,0.030397310926568284,0.5698904107029366,4,1
43,0.030123688015932064,0.5736414332649323,4,1
44,0.02988411590730584,0.5723904189780137,4,1
45,0.029662813319365423,0.5730292792042265,4,1
46,0.029547537514274913,0.5717886184808781,4,1
47,0.02934221403246038,0.5741363387610868,4,1
48,0.02916133894928782,0.5741935584947778,4,1
49,0.028969158364985807,0.5736825220533406,4,1
50,0.028837850575056657,0.5731313163754711,4,1
51,0.028818296023668616,0.5736262635715975,4,1
52,0.028751505847654738,0.573957403104531,4,1
53,0.028668586829927296,0.5734048588622827,4,1
54,0.028662127827858794,0.5736635255223163,4,1
55,0.028600112137074647,0.573644772793845,4,1
56,0.028610190434952158,0.5736635255223163,4,1
57,0.02856309659047919,0.573644772793845,4,1
58,0.028587209033425997,0.573644772793845,4,1
0,0.8046135689183904,0.4223603609706472,4,2
1,0.38327714163415133,0.5117728368790817,4,2
2,0.24263849130440476,0.5227365268486246,4,2
3,0.18271288703157393,0.5343831658459803,4,2
4,0.15117645349034997,0.5452600970608822,4,2
5,0.13055956797347568,0.5598719375000161,4,2
6,0.11551774337267791,0.565341606710993,4,2
7,0.10523100391095735,0.5624337797539972,4,2
8,0.0953748782552637,0.5664722058963806,4,2
9,0.08793425516381365,0.5698655925078645,4,2
10,0.08155045464180041,0.5721372756248639,4,2
11,0.07652050079460451,0.5745774089679122,4,2
12,0.07150774711274513,0.5729725988301775,4,2
13,0.06749872802930997,0.5746397102100832,4,2
14,0.06384541285046094,0.5749297426861422,4,2
15,0.06088030262309501,0.5750393267024109,4,2
16,0.0583003103474481,0.5754163796204114,4,2
17,0.0558120769293001,0.5743899122432318,4,2
18,0.05360795757821881,0.5760417415213908,4,2
19,0.05141035507575453,0.5753304323786043,4,2
20,0.04943145925894507,0.5773426288374915,4,2
21,0.0475641101171924,0.5752116000674422,4,2
22,0.04611399830066831,0.5751532213515246,4,2
23,0.0446461047731868,0.5749903039277907,4,2
24,0.043531580581815575,0.5774870667631656,4,2
25,0.042476810581130064,0.5744866818869936,4,2
26,0.04101761057271933,0.5742177161551313,4,2
27,0.040245180037133545,0.5748969622154918,4,2
28,0.03924602668669317,0.5745545334704051,4,2
29,0.038184397338110486,0.5753836883886181,4,2
30,0.037310461922405204,0.576664030522105,4,2
31,0.03669689588222248,0.5755069144227861,4,2
32,0.036144025181016115,0.5755069144227861,4,2
33,0.03531443476505591,0.5757391613888803,4,2
34,0.03493985355822531,0.5752300040698661,4,2
0,0.7740913232894503,0.38204524535209644,4,3
1,0.37005038241513555,0.508004353892649,4,3
2,0.23929774660336844,0.5286427707203055,4,3
3,0.18236099073666334,0.5405617721533007,4,3
4,0.1535435258837878,0.5457364916848944,4,3
5,0.13387741552946525,0.5566611921629515,4,3
6,0.12020552436070013,0.5542758553992692,4,3
7,0.10945272399676956,0.561067025736001,4,3
8,0.10082614322514766,0.5664783243106879,4,3
9,0.09349509072356929,0.5592497937136786,4,3
10,0.08709393902716908,0.5587422216506518,4,3
11,0.08224362597677055,0.5644139353563343,4,3
12,0.07776578005148567,0.5677350806045253,4,3
13,0.07353282891505239,0.565666528311362,4,3
14,0.06988438072733849,0.5637508434037318,4,3
15,0.06696119270716165,0.5630191878274625,4,3
16,0.06493715860806584,0.567006142749931,4,3
17,0.062013050628599846,0.569705703104298,4,3
18,0.059232092552992784,0.5710338380789816,4,3
19,0.05748064554341797,0.5702572549252917,4,3
20,0.05521220859185308,0.5712831778506281,4,3
21,0.05428572004865842,0.5719688967056188,4,3
22,0.052187891014681895,0.5723273888373372,4,3
23,0.05061230773569216,0.5688958213101716,4,3
24,0.049234522237825144,0.5729664020911034,4,3
25,0.04804701722601227,0.5711841094873823,4,3
26,0.04714484837373879,0.5711912630141869,4,3
27,0.04587988376599542,0.5711836353362129,4,3
28,0.04475122840643583,0.5729174901436579,4,3
29,0.04377852066526717,0.5747169788494265,4,3
30,0.042700499670165586,0.5755732384708488,4,3
31,0.0421607515651357,0.576288609106494,4,3
32,0.04131928245135959,0.5742586546916947,4,3
33,0.04077844711379658,0.5744417769614426,4,3
34,0.040137388944717856,0.578527831699431,4,3
35,0.03947930709600939,0.5756510279697495,4,3
36,0.038949334400833986,0.5765919598221406,4,3
37,0.03867481989973869,0.5792871225157986,4,3
38,0.03795544171981426,0.5797533968864051,4,3
39,0.03775766022011839,0.5809812748033728,4,3
40,0.03722016885365525,0.5803853555860603,4,3
41,0.03690456605088089,0.5803406544112025,4,3
42,0.03649825219166325,0.5809869404103947,4,3
43,0.03620998238645905,0.5812933039541192,4,3
44,0.03604892378158845,0.5809844261671078,4,3
45,0.03581514182610647,0.5802478206732573,4,3
46,0.03567646900453857,0.5802443999720078,4,3
47,0.03539584698051167,0.581856628290453,4,3
48,0.0352586239419593,0.5812528290552226,4,3
49,0.03516883315063166,0.5812528290552226,4,3
50,0.03497247224881914,0.5811727515481904,4,3
51,0.03491080291407375,0.5811335662699445,4,3
52,0.03477569401056331,0.5813351805759434,4,3
53,0.03470486983411541,0.580811887290218,4,3
54,0.03464325027241741,0.5819389559295246,4,3
55,0.03462539658013441,0.5819389559295246,4,3
56,0.03461122587122996,0.5819389559295246,4,3
57,0.03453113450380176,0.5819389559295246,4,3
58,0.03451831083299229,0.5819389559295246,4,3
59,0.03446541211199166,0.5819389559295246,4,3
0,0.8086853023967084,0.29937745593104875,4,4
1,0.3892442423613688,0.36389317940303373,4,4
2,0.2544632207296658,0.38548331004802083,4,4
3,0.19608504801537296,0.4052054123686155,4,4
4,0.16577811566283857,0.419260399865702,4,4
5,0.14581104842977385,0.42345715165808534,4,4
6,0.1301356369727109,0.4424336971233766,4,4
7,0.11875492486802824,0.45119717778610835,4,4
8,0.1083088719918845,0.45304162334408343,4,4
9,0.10063332819265924,0.44887680208496894,4,4
10,0.09385252805405003,0.4505010930684277,4,4
11,0.08764414701447247,0.44773092451096635,4,4
12,0.08311665148802709,0.4703630668034042,4,4
13,0.07846148353001432,0.4596348567450725,4,4
14,0.07486238776062787,0.47482012870544305,4,4
15,0.07151685813682339,0.4746649360870238,4,4
16,0.06836461843842578,0.48147300455515213,4,4
17,0.06557549667885677,0.46407193375352246,4,4
18,0.0626712305996267,0.47449178452798707,4,4
19,0.0606694589090485,0.47792279479945976,4,4
20,0.058586282053925215,0.4793962735795512,4,4
21,0.05678094130101541,0.48000617007513563,4,4
22,0.05506452461188169,0.48208004664302,4,4
23,0.05329429024270591,0.4842682444718776,4,4
24,0.05178136336115441,0.4837558060822473,4,4
25,0.05083268567853172,0.4793162249169291,4,4
26,0.049332119289086346,0.48503708557420505,4,4
27,0.048153472894049636,0.4790060089777252,4,4
28,0.047043552231975004,0.4823841163996194,4,4
29,0.046003380656625494,0.4800810538676306,4,4
30,0.04520521845263922,0.48038862562612855,4,4
31,0.044587784103528906,0.48471123136496574,4,4
32,0.04370632268726235,0.4846999867737077,4,4
33,0.042836336368458086,0.4856978399144633,4,4
34,0.04217697825412278,0.48645390502710856,4,4
35,0.0413313466961808,0.4841325454908647,4,4
36,0.04095403064192088,0.4807598602301117,4,4
37,0.04049133519543738,0.49098587297389434,4,4
38,0.03998325621097004,0.4889119467098169,4,4
39,0.03939468601296665,0.48380027903386075,4,4
40,0.03906063435968328,0.48410523426964547,4,4
41,0.03870794133710659,0.4898128921973844,4,4
42,0.03836564027216975,0.48634318780084196,4,4
43,0.037986548397308965,0.4856345432367311,4,4
44,0.037685675538207,0.4883870434391162,4,4
45,0.037512875082417116,0.48263020735401935,4,4
46,0.03730210783439974,0.49112042029568315,4,4
47,0.037042406264350417,0.4873240086820036,4,4
48,0.03688945378310697,0.4844602382829593,4,4
49,0.0367577611872045,0.4884845347798661,4,4
50,0.036690505136054825,0.4851719585651222,4,4
51,0.03660587624047385,0.4875662727753231,4,4
52,0.03639518498204732,0.4890024134187833,4,4
53,0.036323668426287266,0.4863049686245908,4,4
54,0.03621491085060581,0.486335920604639,4,4
55,0.03623284743101408,0.4868705500856641,4,4
56,0.03620419220258005,0.48710514354659556,4,4
0,0.8725891729482426,0.5933863274878497,5,0
1,0.4266222422689659,0.7132017722139595,5,0
2,0.2686027033464758,0.7546471407621866,5,0
3,0.20202669321986824,0.7755264624738935,5,0
4,0.16796704665130197,0.7742374655505576,5,0
5,0.14521075423560528,0.7792633349020175,5,0
6,0.1293343420699424,0.7861372914993089,5,0
7,0.1167569287762246,0.7830727635697494,5,0
8,0.10669308603699085,0.7799429467214055,5,0
9,0.09888548653319011,0.7944892940815668,5,0
10,0.09127074169214539,0.7946314050338718,5,0
11,0.08578690834072975,0.7976292911102986,5,0
12,0.08099609685664388,0.7919753567173867,5,0
13,0.07654581272308653,0.7892130085106991,5,0
14,0.07261541675477998,0.7895964416152093,5,0
15,0.06895551997251265,0.7891289106364194,5,0
16,0.06655829319057033,0.7914177335229967,5,0
17,0.06352436798520493,0.7862501419935151,5,0
18,0.06056776252486764,0.7867898105029445,5,0
19,0.05849779576196533,0.7887406308335062,5,0
20,0.056600423328752605,0.7866390539983655,5,0
21,0.054558837590882696,0.7848522880646475,5,0
0,0.8571518766741322,0.5042977530097861,5,1
1,0.4246848977198088,0.5142072117016447,5,1
2,0.26436672556629603,0.5325593287354983,5,1
3,0.1972826224194658,0.5416712693529998,5,1
4,0.16276411958811998,0.5516846634157683,5,1
5,0.14122293735238386,0.557035707004505,5,1
6,0.12503794596621837,0.5559980617826712,5,1
7,0.11286575291805612,0.5665802382929335,5,1
8,0.10370775068019977,0.5655919667751229,5,1
9,0.09560773574564242,0.5654155463275615,5,1
10,0.08874239464520672,0.5700763316350784,5,1
11,0.0837140793480179,0.5717458255334739,5,1
12,0.07882107216603851,0.5666799117174772,5,1
13,0.07380001845134179,0.5677482162054411,5,1
14,0.07033883615517894,0.5715215264185337,5,1
15,0.06661839408274077,0.5702446721089902,5,1
16,0.06373992269826428,0.5688204403761415,5,1
17,0.06097179662141656,0.5684883573434383,5,1
18,0.05877918591251766,0.5704300172170765,5,1
19,0.05636317825652137,0.571076239341838,5,1
20,0.05422162161257567,0.5748076219175016,5,1
21,0.05226578130412204,0.5702057964583233,5,1
22,0.050558563496990915,0.5768738117598718,5,1
23,0.04882133068621682,0.5767236159038748,5,1
24,0.047547821022748835,0.5737569478385119,5,1
25,0.04597944758409589,0.5756686520361133,5,1
26,0.044964791680954894,0.575627656313545,5,1
27,0.04375815420734206,0.5754930866861222,5,1
28,0.04274103445151559,0.576322115165413,5,1
29,0.041801300120096085,0.5771239018503377,5,1
30,0.040888592174417815,0.5785001468716428,5,1
31,0.040087938566150984,0.5803545700908107,5,1
32,0.039181698617049676,0.5776532856760402,5,1
33,0.038660923086727805,0.5760193145086819,5,1
34,0.03801463978912224,0.5779243502546025,5,1
35,0.03737724969542613,0.5793510104171247,5,1
36,0.036849975401044205,0.5784028360036355,5,1
37,0.0360840770863377,0.5770989896834101,5,1
38,0.03577095386577711,0.580036248268088,5,1
39,0.03532459922364887,0.5774589887943472,5,1
40,0.034899607480343715,0.5795260402953971,5,1
41,0.034600523789905364,0.5780206516061237,5,1
0,0.7954372916902814,0.38812507466152574,5,2
1,0.38041330142454666,0.4806496587285583,5,2
2,0.24609565396845598,0.5016414022186659,5,2
3,0.18655476057942297,0.5155699028743529,5,2
4,0.15676814239004475,0.5189342913713355,5,2
5,0.137564995433345,0.5336828072837625,5,2
6,0.12327996353050331,0.536289195432689,5,2
7,0.11236343462487836,0.5457211654943647,5,2
8,0.10351546673160611,0.5359256883089435,5,2
9,0.09670288126706045,0.5421782782265891,5,2
10,0.09056255237171144,0.5389394984793524,5,2
11,0.08518727775259967,0.5495769584246183,5,2
12,0.08155463536580404,0.5474164177079769,5,2
13,0.07601988053683079,0.5450552821953515,5,2
14,0.07302006382446785,0.5492488660958854,5,2
15,0.06929719198608038,0.5494178796393774,5,2
16,0.0669153619638253,0.5506057310720075,5,2
17,0.06432736344732247,0.5518541782014836,5,2
18,0.06183080634835995,0.5495421839433711,5,2
19,0.06012276995975476,0.5516163457478012,5,2
20,0.058082679030183076,0.5524557749330423,5,2
21,0.05624613608052204,0.5515519222260374,5,2
22,0.054472398403145016,0.5534454278901374,5,2
23,0.053554187592489894,0.5534273824562196,5,2
24,0.05214510558584294,0.5558648954316364,5,2
25,0.05070570469934703,0.5544981413251617,5,2
26,0.04994594996303191,0.5535725204094863,5,2
27,0.04814694733137176,0.5572149863261726,5,2
28,0.0474253465151374,0.5568829226356355,5,2
29,0.04627345066630479,0.5570503147749978,5,2
30,0.04539478382184392,0.5577999348800277,5,2
31,0.04462268642145834,0.5558189781105631,5,2
32,0.04400901807818836,0.5614227981825303,5,2
33,0.04338744931342282,0.5581075257339759,5,2
34,0.042776857916410865,0.5572260810741182,5,2
35,0.042111422956892935,0.5596071426212799,5,2
36,0.04165712693359429,0.558854546970752,5,2
37,0.04129670159125225,0.558319349815312,5,2
38,0.04066738930744526,0.5584216691069229,5,2
39,0.04025177324102038,0.5573421193583039,5,2
40,0.0398578732351075,0.5598550539535263,5,2
41,0.03942793303237849,0.5587331771576586,5,2
42,0.039123137346851876,0.5601566135806267,5,2
0,0.7920403163063335,0.3711749315097741,5,3
1,0.37633287361598905,0.426449553723314,5,3
2,0.2415442573514214,0.43636951083924097,5,3
3,0.18292087513176516,0.4440017148137034,5,3
4,0.15324372857330953,0.46472494232210093,5,3
5,0.13284016344317778,0.4664540722052534,5,3
6,0.11755056671758386,0.46704616301175267,5,3
7,0.10670802373777737,0.4703346466176535,5,3
8,0.0979170263913226,0.4734540427132048,5,3
9,0.09051978140989726,0.4709402690636711,5,3
10,0.08417022360996766,0.47007537122841386,5,3
11,0.07860076124017888,0.4697930705972117,5,3
12,0.07380456291099283,0.4746481326210727,5,3
13,0.06984754207937476,0.47951786327613427,5,3
14,0.06654823499567368,0.4772460404433125,5,3
15,0.06355645581761146,0.47852025780522106,5,3
16,0.060544707905799945,0.4824603323114087,5,3
17,0.05911417803821717,0.48627105125038544,5,3
18,0.05606794696360986,0.48624330655264264,5,3
19,0.053742840745869803,0.482692426552989,5,3
20,0.0518302639848727,0.48406891495841387,5,3
21,0.05011255595613928,0.4841159465829792,5,3
22,0.04868411725217646,0.4911861084133456,5,3
23,0.04699744445356456,0.4929022285104306,5,3
24,0.045556653663914475,0.4871761240783001,5,3
25,0.044575041254414596,0.48919187291987704,5,3
26,0.04354604169088889,0.49075553835460123,5,3
27,0.04233059289541474,0.49047482811588194,5,3
28,0.04128628299755846,0.4947975626720504,5,3
29,0.04031897627056282,0.4953050983289318,5,3
30,0.03967104153916798,0.4931234982503352,5,3
31,0.03879918076217493,0.4975024953883194,5,3
32,0.03809327730839265,0.494942918005193,5,3
33,0.03737778087510145,0.498357775869813,5,3
34,0.03680959819631781,0.4993529525735158,5,3
35,0.036183086795045095,0.4955639925623112,5,3
36,0.03559030229474772,0.49500431183558735,5,3
37,0.03520476616919041,0.4988431719045794,5,3
38,0.03460168092167951,0.4998607998343589,5,3
39,0.03427332388685349,0.4989928322056622,5,3
40,0.033919024445554787,0.5015895548558097,5,3
41,0.033547600106122025,0.49938930380105767,5,3
42,0.03330003405836496,0.49929006096798484,5,3
43,0.03288443475045304,0.4991942243119098,5,3
44,0.032665007424784856,0.500350299770057,5,3
45,0.03244273068433139,0.5002318890727766,5,3
46,0.03226808984250946,0.5008400365860983,5,3
47,0.03208799681561516,0.5000606158715193,5,3
48,0.03186522459123224,0.5007619600053205,5,3
49,0.03177975276056777,0.5003660872839686,5,3
50,0.031625368937770314,0.5007619600053205,5,3
0,0.8050011333265261,0.4455664814652625,5,4
1,0.4040511001462806,0.5357296174193813,5,4
2,0.2707477101180107,0.5708542111650149,5,4
3,0.2087022017126214,0.5940691516308202,5,4
4,0.1753799958520284,0.6015403200177787,5,4
5,0.1535433137389623,0.6003923599518453,5,4
6,0.13759248688068565,0.6112221623753696,5,4
7,0.12412643346204061,0.6115688396075983,5,4
8,0.11439021050113521,0.6197364188132978,5,4
9,0.10574463814769161,0.6169139065226962,5,4
10,0.09806806178397784,0.6248476252784455,5,4
11,0.0919878558685246,0.6242127793449073,5,4
12,0.08660963635602498,0.6329787108724189,5,4
13,0.08222300494642562,0.6257045753228959,5,4
14,0.07864203643921304,0.6330653605004565,5,4
15,0.07438051282815193,0.639104327624454,5,4
16,0.07128566202099465,0.6350178146873143,5,4
17,0.06850320321920256,0.6355974186096044,5,4
18,0.06617118395762901,0.6408146777227098,5,4
19,0.06377568256501194,0.6402054373470255,5,4
20,0.061209425238305575,0.6432325580565129,5,4
21,0.0595021713678151,0.6473928517657471,5,4
22,0.057590543138518184,0.6442040286752023,5,4
23,0.05567956377314106,0.6470535194377051,5,4
24,0.05416214424589453,0.6512610625086745,5,4
25,0.052657629797856015,0.6531066215756991,5,4
26,0.05125649691512595,0.6562590849957012,5,4
27,0.05024331190950794,0.6527317932290074,5,4
28,0.04925213948776733,0.653973859877357,5,4
29,0.04839440700194063,0.6542018398916472,5,4
30,0.04763525846546099,0.6531822325530136,5,4
31,0.046082629169843514,0.6556942657081721,5,4
32,0.04541348002204612,0.656073713702423,5,4
33,0.04478099010034239,0.6544067818184875,5,4
34,0.044125597855952235,0.6584928468256616,5,4
35,0.04318788181224915,0.6595979314655428,5,4
36,0.04269898693379202,0.6567093263612254,5,4
37,0.042206299315168436,0.6580918184882852,5,4
38,0.04164505057275023,0.6625768329996452,5,4
39,0.04121252725317598,0.658137560873539,5,4
40,0.04080950068862743,0.660708396185414,5,4
41,0.040289910746627744,0.6594942034271142,5,4
42,0.040074335555779876,0.660392849970676,5,4
43,0.0396941635026235,0.6580558317553867,5,4
44,0.03936356315601906,0.6597754842168727,5,4
45,0.03907638010675232,0.659495041319674,5,4
46,0.03890943131218218,0.6612056667128954,5,4
47,0.03874755465514856,0.66096862525323,5,4
48,0.03847604525534938,0.6599272562662184,5,4
0,0.871068674050192,0.557595548666865,6,0
1,0.4411881951493058,0.6863031811834207,6,0
2,0.28027016649436515,0.727361629012576,6,0
3,0.20984031874392925,0.7496326340984215,6,0
4,0.17393889048254665,0.7521248782513377,6,0
5,0.1509905147276739,0.7638116108205977,6,0
6,0.134623464024576,0.7695106612429917,6,0
7,0.12202201641236214,0.7726388715756155,6,0
8,0.11140462074354934,0.7665737618561786,6,0
9,0.10296751235303506,0.7756595545646637,6,0
10,0.09570711238634544,0.7811397842582695,6,0
11,0.08918441161626962,0.7751355826372542,6,0
12,0.08392410466649172,0.7790126889724865,6,0
13,0.07924863721855292,0.7771887109880069,6,0
14,0.0752886692445534,0.7813847154060501,6,0
15,0.07115479738247474,0.7770049959164309,6,0
16,0.06799786432585136,0.7805044944582878,6,0
17,0.06471995540610957,0.7758221915576841,6,0
18,0.06206613280973764,0.7779773168814983,6,0
19,0.05997198799091908,0.7813542469934186,6,0
20,0.05763468973198456,0.776430341386935,6,0
21,0.05536045058501148,0.7807942861301432,6,0
22,0.05370750836933332,0.7798474598274437,6,0
23,0.051876944624717064,0.7746040103937609,6,0
24,0.05040683361536425,0.7798824687297868,6,0
0,0.8520240253359944,0.47986549325219635,6,1
1,0.4166952349115848,0.4940334212004844,6,1
2,0.25640418647105734,0.5135308117643095,6,1
3,0.18885929726885642,0.5126031253001662,6,1
4,0.1544548152032627,0.5225791445146254,6,1
5,0.13259743181430164,0.5277379325526425,6,1
6,0.11725567582439869,0.5335422386196488,6,1
7,0.10514870726969994,0.543751014273128,6,1
8,0.0956449118123986,0.5428487521204304,6,1
9,0.08725339815568187,0.5400995894719701,6,1
10,0.0809499243962465,0.5459253462067645,6,1
11,0.07605463336987468,0.5429836978492116,6,1
12,0.0706756337468352,0.5435922144656272,6,1
13,0.06665125175791736,0.5361841266321231,6,1
14,0.06314759586921513,0.538988189921707,6,1
15,0.059985557192760004,0.5391856570756423,6,1
16,0.05704457081522886,0.5425553482708517,6,1
17,0.05456884812052061,0.5416928162405562,6,1
18,0.05211054858692149,0.5411223829942317,6,1
19,0.050005623948268546,0.541165983926759,6,1
20,0.04804390965018789,0.5459883912212705,6,1
21,0.046268253156652304,0.5448884015284138,6,1
22,0.045207678871787726,0.5475992909953337,6,1
23,0.04317646562995486,0.5444407491220978,6,1
24,0.041847716959290626,0.5444619899423025,6,1
25,0.04057572721512682,0.5467067420500197,6,1
26,0.03942329419967745,0.5490748614644567,6,1
27,0.03845810590445188,0.5458162988319731,6,1
28,0.03778918177912614,0.5495550591337729,6,1
29,0.036845186649600126,0.5475860081972869,6,1
30,0.03593919827554166,0.5474776062541916,6,1
31,0.03514457081140125,0.5497222138996604,6,1
32,0.034516407148029865,0.5488137099995287,6,1
33,0.033906079799916805,0.5470863855582245,6,1
34,0.033250137147578324,0.5510320335603437,6,1
35,0.03270854081821626,0.5500253026609857,6,1
36,0.03227335469692773,0.5506555025328045,6,1
37,0.03174572981303158,0.547786956845428,6,1
38,0.03138716452587504,0.5492394067096533,6,1
39,0.03097034575024933,0.5508118986808591,6,1
40,0.030699671928841096,0.5511597754971093,6,1
41,0.03019062384991858,0.550334437544713,6,1
42,0.030014453394558258,0.5503471138980748,6,1
43,0.029735849820783568,0.550888276919657,6,1
44,0.02946376312718631,0.5506307020399958,6,1
45,0.029322193456341728,0.5495403224190291,6,1
46,0.029106961462351293,0.5503731904627761,6,1
47,0.028909645081142854,0.5508748128663109,6,1
48,0.028817639619515528,0.551118923692626,6,1
49,0.028683378698026882,0.5513898477573836,6,1
50,0.028551915692925683,0.5506307020399958,6,1
51,0.028481836306431998,0.5506173907069764,6,1
52,0.0284047978398763,0.5506173907069764,6,1
53,0.028326980827278973,0.5506307020399958,6,1
54,0.02831851177969569,0.5506307020399958,6,1
55,0.028363464360541487,0.5506307020399958,6,1
56,0.028274613821688083,0.550888276919657,6,1
57,0.028264667601027388,0.5509019833836795,6,1
58,0.028196288024145585,0.5506307020399958,6,1
59,0.028236525390852005,0.5506307020399958,6,1
0,0.800465498249902,0.4469042385849847,6,2
1,0.3947262899654325,0.5451053399393261,6,2
2,0.2581347432168401,0.5853322758815582,6,2
3,0.19909992884392155,0.6084089693413598,6,2
4,0.16774620507851865,0.6161437434601356,6,2
5,0.1469090315669392,0.6313674784364742,6,2
6,0.131528067788899,0.636354052212033,6,2
7,0.12163954620491031,0.6413791567404973,6,2
8,0.11153574706903888,0.6369831903795014,6,2
9,0.10353166935736892,0.641138601837952,6,2
10,0.09683442376713496,0.6475602961940604,6,2
11,0.09194149313984876,0.6478512723722597,6,2
12,0.08662605023820066,0.6423102121349038,6,2
13,0.08255172556195588,0.6514126917352724,6,2
14,0.07916070603614525,0.651218538148011,6,2
15,0.07518561323156521,0.6517857196835088,6,2
16,0.07257418034033622,0.6522853011542978,6,2
17,0.06968598744396416,0.6532494960839349,6,2
18,0.06739120567551023,0.6577979601205759,6,2
19,0.06534064514839638,0.656587607720991,6,2
20,0.06298199805837652,0.6606159213631227,6,2
21,0.06145593860371695,0.6608703625957618,6,2
22,0.05930522486522375,0.6621252262801741,6,2
23,0.058107236383714844,0.6621055048182956,6,2
24,0.05647384470790217,0.6655771768337754,6,2
25,0.05524403691506528,0.6627180097293949,6,2
26,0.05393946730164455,0.6637056009322545,6,2
27,0.05261868097170467,0.6639475829437406,6,2
28,0.051966388678821765,0.6674810704919532,6,2
29,0.05091523807941218,0.6696568734268324,6,2
30,0.04961265598946864,0.668035974418947,6,2
31,0.048849542158760556,0.6713321536157185,6,2
32,0.048237668676112205,0.6756791471475703,6,2
33,0.04732957904851298,0.6732059773577695,6,2
34,0.046694973705207504,0.669789157995757,6,2
35,0.04597658721246413,0.6706895547962998,6,2
36,0.0452191205145833,0.6714240448753723,6,2
37,0.04502098909830598,0.6730237826319946,6,2
38,0.04425748947132999,0.672087635821331,6,2
39,0.043917353955918545,0.6720144305580433,6,2
40,0.04342246721172409,0.6718679140563605,6,2
41,0.04304738262164713,0.6728248992796358,6,2
42,0.04277309731475194,0.6712083610732792,6,2
0,0.7778401167484879,0.43337121332439316,6,3
1,0.37105791659314913,0.5250868787372636,6,3
2,0.24223049699942412,0.5351830026745009,6,3
3,0.18392760217891488,0.5506797931013104,6,3
4,0.1539582092329853,0.5565423681109232,6,3
5,0.13414108391101495,0.563085902563823,6,3
6,0.11995861801781796,0.5668210172603838,6,3
7,0.10912209794898395,0.5653436568425819,6,3
8,0.1006419194017395,0.5684429988706949,6,3
9,0.09346343320721999,0.5744068968375665,6,3
10,0.08791782261794644,0.5701809594812821,6,3
11,0.08183788726961068,0.5755416375193197,6,3
12,0.07762391538235518,0.5755701521303672,6,3
13,0.07324731521480536,0.5736969587672913,6,3
14,0.07018579973254613,0.5748285401099813,6,3
15,0.06679977394511359,0.5753936005546011,6,3
16,0.06404244731937923,0.5753365154011253,6,3
17,0.06175649354771369,0.5781590407836386,6,3
18,0.05960995591564583,0.5774641360017512,6,3
19,0.05740241724244757,0.5755514447015025,6,3
20,0.05548648162683292,0.5754003032796678,6,3
21,0.05392206290108741,0.5771301913246653,6,3
22,0.05238876814996598,0.5785608983288685,6,3
23,0.050731579610529286,0.5782605527975897,6,3
24,0.04930130800754428,0.578495359521098,6,3
25,0.0476802351240355,0.5821996961934196,6,3
26,0.04649040206475742,0.5796118695766729,6,3
27,0.045555512350911515,0.584339491459675,6,3
28,0.04473012058550069,0.5850948368502522,6,3
29,0.04386224825082488,0.582907212833219,6,3
30,0.04278161944031239,0.5848697876023163,6,3
31,0.04191656405646528,0.5853560665853622,6,3
32,0.04141199218729028,0.5840693736514424,6,3
33,0.040697341455500004,0.5842807183104918,6,3
34,0.039627117212813784,0.5872953364230776,6,3
35,0.039301981499914276,0.5840042482438528,6,3
36,0.03877191945930313,0.5874968376632591,6,3
37,0.03811428343247488,0.5867024440149945,6,3
38,0.03794458156980339,0.5872176609999409,6,3
39,0.03730249982236201,0.5861534890584248,6,3
40,0.03672531546353764,0.5892931599458969,6,3
41,0.036610826327801015,0.5861094935960379,6,3
42,0.03631829306390592,0.5881224430542692,6,3
43,0.036143108586743904,0.5878738750294731,6,3
44,0.035706054383283954,0.5869193556243673,6,3
45,0.03537707636774129,0.5881959732120009,6,3
46,0.03517833739512499,0.5881224430542692,6,3
47,0.03504623726290836,0.5881709276821079,6,3
48,0.03478560302785533,0.5882215536128795,6,3
49,0.03474887435190853,0.5882215536128795,6,3
50,0.034635986096789605,0.5881959732120009,6,3
0,0.7877112201497525,0.28075779619989527,6,4
1,0.37622009242888743,0.37365147765589485,6,4
2,0.2453883809599444,0.4273953991237644,6,4
3,0.18775250215067643,0.4464961256060382,6,4
4,0.15846291159904455,0.4736507476761644,6,4
5,0.13679789913983284,0.4965159958000869,6,4
6,0.12141462057703155,0.4998086006907528,6,4
7,0.10977098787918624,0.5020828488913562,6,4
8,0.10008283706405495,0.5087563233073281,6,4
9,0.09597080106285051,0.5135757445128227,6,4
10,0.08678441545316942,0.5096768188143728,6,4
11,0.08044584236944778,0.5272909409523268,6,4
12,0.07567872450321536,0.5235430346859453,6,4
13,0.07476602885164792,0.5222194618437225,6,4
14,0.06831034728274818,0.5263704076768321,6,4
15,0.06434537724352084,0.5303994051562941,6,4
16,0.06291588245879245,0.5295766566062562,6,4
17,0.05873968225868442,0.5359619571868932,6,4
18,0.056759139750828726,0.533737013354178,6,4
19,0.05485607425246058,0.530457341876002,6,4
20,0.05396635145939226,0.5339028734464958,6,4
21,0.050708833397346456,0.542076803883571,6,4
22,0.04897737339264733,0.5368067245435227,6,4
23,0.04809403663760499,0.5372614359181755,6,4
24,0.045992109489151695,0.5352939981726053,6,4
25,0.04484542128846112,0.5447996309211612,6,4
26,0.043698604068549876,0.5387717598174534,6,4
27,0.04297689411018971,0.5481248131238933,6,4
28,0.04153928716474445,0.5404566615261077,6,4
29,0.045226731635472944,0.5458205799482522,6,4
30,0.040637249370667504,0.5442592205037912,6,4
31,0.03976762275907058,0.5443584007470399,6,4
32,0.038636284720797075,0.5397497755144672,6,4
33,0.038138574012063976,0.5466018013413135,6,4
34,0.03748847304446473,0.5403029178220776,6,4
35,0.03674007758246695,0.540260068210228,6,4
36,0.036045699481722676,0.540830499362387,6,4
37,0.03552669221338844,0.5395132884010777,6,4
0,0.8664043918634821,0.6155958915935336,7,0
1,0.4291396744755273,0.7412213155026603,7,0
2,0.26975514666285116,0.7756120468720594,7,0
3,0.20344547779717012,0.7887976751586899,7,0
4,0.1690724113801595,0.7968142604468801,7,0
5,0.1459681786576722,0.8166987019807541,7,0
6,0.12973332245031372,0.8114359094973933,7,0
7,0.11730746302142073,0.8174528268982595,7,0
8,0.10698857927726363,0.8307854447572077,7,0
9,0.09810488368629505,0.8322582408983514,7,0
10,0.0912660465723645,0.8310771934095597,7,0
11,0.08485400346036001,0.8348281182483337,7,0
12,0.08016812613774897,0.830712307872742,7,0
13,0.07521116153200565,0.8301011838542508,7,0
14,0.0715372270036508,0.8335166801670536,7,0
15,0.06799901658562013,0.8328546374864522,7,0
16,0.06460641957828576,0.836440482830317,7,0
17,0.06164299448574263,0.8378297840156281,7,0
18,0.05891565112057542,0.8356917692922838,7,0
19,0.05662491071558185,0.8364500797535078,7,0
20,0.05451553510713904,0.8375691852271996,7,0
21,0.052742321794369065,0.8341496985704668,7,0
22,0.050888216598330836,0.8370346141507526,7,0
23,0.0489010532134344,0.8373974118579458,7,0
24,0.04794363328762734,0.8355674217322694,7,0
25,0.046428453919172635,0.8369914082310052,7,0
26,0.044959830740479934,0.8361286423993258,7,0
27,0.04406286079134835,0.8368368049766737,7,0
0,0.8547288688071474,0.475805418380507,7,1
1,0.4174690684087262,0.4799990734892316,7,1
2,0.2607428672427903,0.5090600856524252,7,1
3,0.19480022041383618,0.5099120182748623,7,1
4,0.1615685803269198,0.5178818000817157,7,1
5,0.14041304394513546,0.5273960115976819,7,1
6,0.12455515789414594,0.5291531073048134,7,1
7,0.11297026334408515,0.5410415444168512,7,1
8,0.10311208492267632,0.543201471715358,7,1
9,0.0954431005973302,0.5553127066013636,7,1
10,0.0890989896101866,0.5537438540937643,7,1
11,0.08398767245565346,0.5601421737299619,7,1
12,0.0793674462623225,0.5491359961693038,7,1
13,0.07448979536037958,0.559940346508974,7,1
14,0.07130841451936853,0.5512782787083658,7,1
15,0.06816088959663928,0.5633055588569965,7,1
16,0.0658114463001668,0.560615455532546,7,1
17,0.06253930069907697,0.5703070943752916,7,1
18,0.06019941630120763,0.5606022287996887,7,1
19,0.05799085864763774,0.5643026853419508,7,1
20,0.056135764312066,0.5709489075001467,7,1
21,0.05483745639909527,0.5689830622684696,7,1
22,0.05290768054609527,0.5767218367988987,7,1
23,0.051350065927484076,0.5754577260258981,7,1
24,0.04984255717543071,0.5712268524409506,7,1
25,0.048491654964442736,0.5744973774422366,7,1
26,0.047241513348535866,0.5735237879951323,7,1
27,0.04623290707251269,0.5762757626760809,7,1
28,0.045372534622689205,0.5735486153021291,7,1
29,0.04436922627294849,0.5795892141099254,7,1
30,0.043778135208134165,0.5758059963224439,7,1
31,0.04277417215758455,0.577256383285649,7,1
32,0.042081133682213855,0.575171314058594,7,1
33,0.04132688458629711,0.5770656966213419,7,1
34,0.04071953970336629,0.5747447789667287,7,1
35,0.04011740413522292,0.5779992024634871,7,1
36,0.03964206903459069,0.5787153898777049,7,1
37,0.039098684989406676,0.578141217061242,7,1
38,0.0387187175376865,0.579587236274136,7,1
39,0.03815006993220238,0.5800088061827683,7,1
40,0.037980920106707936,0.5805395059793717,7,1
41,0.037630993933556324,0.5776966646680032,7,1
42,0.03714619048252077,0.5804458586222806,7,1
43,0.03681845669796367,0.5799095218027579,7,1
44,0.036641854253000844,0.5810362769679459,7,1
45,0.03635855801894279,0.581092496402375,7,1
46,0.03621195860430152,0.580518605210361,7,1
47,0.03607658470194497,0.5810022026884661,7,1
48,0.03597876148934136,0.5806277967329662,7,1
49,0.035747936738286905,0.5807752272212343,7,1
50,0.035688954124193706,0.5800651568818047,7,1
51,0.03556577685707343,0.5815533663872473,7,1
52,0.03539885952845662,0.580518605210361,7,1
53,0.03535309871067544,0.5808077241448063,7,1
54,0.03529141395391818,0.5805636133184912,7,1
55,0.0352497732683927,0.5808077241448063,7,1
56,0.03513709768117545,0.5808077241448063,7,1
57,0.035128785755462986,0.5808077241448063,7,1
58,0.035129878713253015,0.5808077241448063,7,1
59,0.03514838691956983,0.5808077241448063,7,1
0,0.8117332063060748,0.4132247614504827,7,2
1,0.4009306329546623,0.5090178492747138,7,2
2,0.2587159744744162,0.5402606711167841,7,2
3,0.19667958716551462,0.5621515693734426,7,2
4,0.1634913284608847,0.5706204313942711,7,2
5,0.1425615784419779,0.5911506113388917,7,2
6,0.12721015315225595,0.5970176239304035,7,2
7,0.1158389202213596,0.6015102778180794,7,2
8,0.10613973081883489,0.5968208739087523,7,2
9,0.09804834097527378,0.5970839779796749,7,2
10,0.09146640579966665,0.6055109917601275,7,2
11,0.08591633212894298,0.6054595490842574,7,2
12,0.08111212732915353,0.6021106011416089,7,2
13,0.07663797818630644,0.6042143066854987,7,2
14,0.07287393001580315,0.60399530394641,7,2
15,0.0699470754724876,0.6023845695929334,7,2
16,0.06686479547648753,0.6073527875924769,7,2
17,0.06386713944013836,0.6059953533109188,7,2
18,0.061345334179868205,0.6046741233684827,7,2
19,0.05963394178445285,0.6067168453394108,7,2
20,0.05711993845149537,0.6075516139020894,7,2
21,0.05560373613749507,0.6095847811850896,7,2
22,0.053869850523649294,0.6066240323448105,7,2
23,0.052284835949299016,0.6138406285430831,7,2
24,0.05087049476633566,0.61317178362986,7,2
25,0.049620729048275254,0.608818514502706,7,2
26,0.0484840952125182,0.6081827083770984,7,2
27,0.047223929412253084,0.6129503205627773,7,2
28,0.04595781173135085,0.6097568815948633,7,2
29,0.045003658431826285,0.6132052557605693,7,2
30,0.044106378663078094,0.611062660973956,7,2
31,0.04362854043256889,0.6132315316916866,7,2
32,0.042605270966164115,0.6098571951569552,7,2
33,0.04197808517848404,0.6158091917532518,7,2
34,0.04138395312004105,0.6140148650857651,7,2
35,0.0405610325267014,0.6141235827118894,7,2
36,0.04023401111267917,0.6149575212393803,7,2
37,0.03954668088686505,0.6131896905551014,7,2
38,0.038952224993397115,0.6159062633815813,7,2
39,0.038661538722735006,0.6159881098411834,7,2
40,0.0382595088176164,0.6142280381153796,7,2
41,0.0379136642591853,0.6136793564418951,7,2
42,0.03755046039048136,0.6135265755407094,7,2
43,0.03709681592520001,0.6129093417735269,7,2
44,0.036894522197424014,0.6129571925270265,7,2
45,0.03666575174646084,0.6141812651746207,7,2
46,0.036611931537154425,0.6143488966330821,7,2
47,0.03615576296466068,0.6139869195762039,7,2
48,0.03605192470511958,0.6138819386909905,7,2
49,0.035868542166396636,0.6133269818663077,7,2
0,0.7851366981202567,0.36787567907199165,7,3
1,0.3784899819768751,0.429372827850482,7,3
2,0.24481927346052348,0.44995102310209795,7,3
3,0.1874808683615337,0.4665346276359101,7,3
4,0.15721445371785092,0.4786615105617247,7,3
5,0.13749096871356117,0.47969845563645425,7,3
6,0.1226636776011648,0.4842768624758533,7,3
7,0.11146455398842602,0.4851659431172277,7,3
8,0.10236432720413408,0.4865358116832592,7,3
9,0.09503560417288796,0.4858043783320667,7,3
10,0.08869652341146693,0.48810574914494365,7,3
11,0.08271264412591933,0.4851082973325491,7,3
12,0.07867053637461002,0.48840077175286584,7,3
13,0.0739461849042392,0.48868433484246765,7,3
14,0.07031242638904184,0.4896533165634183,7,3
15,0.06689563184146574,0.48770189005157477,7,3
16,0.06407768379173868,0.493677033798654,7,3
17,0.061577071752674795,0.49004592885911064,7,3
18,0.0589507280146173,0.4903599616251942,7,3
19,0.05706330587207182,0.49444979482870727,7,3
20,0.05527431816770472,0.4942015544560103,7,3
21,0.053828746787198636,0.49554767912568626,7,3
22,0.051549696148712805,0.496673943162901,7,3
23,0.05023683617304884,0.4981691908394335,7,3
24,0.048779406457542855,0.49888425539981746,7,3
25,0.04804047187539004,0.4988760466138015,7,3
26,0.046630513834061055,0.50147306280055,7,3
27,0.04544011000916686,0.5009038354071444,7,3
28,0.044313289040295946,0.5039024306772943,7,3
29,0.04330826105567764,0.49998040886665823,7,3
30,0.042387962266737945,0.5008461170001633,7,3
31,0.04181805693968366,0.502050402962339,7,3
32,0.04110517718864068,0.5015303737524343,7,3
33,0.04032881489206751,0.5009067979551125,7,3
34,0.03957418175341255,0.5059009302459861,7,3
35,0.039175367953857204,0.5016502336149454,7,3
36,0.038452658614223166,0.5008400831036903,7,3
37,0.037934793961810695,0.5022851794494713,7,3
38,0.03760183954674644,0.5038658495977866,7,3
39,0.037065456077469444,0.5008613599630005,7,3
40,0.036674852519449304,0.5023940508284931,7,3
41,0.03664157208901472,0.5020923405388394,7,3
42,0.03614327923319358,0.5049686784576344,7,3
43,0.03568266459892271,0.5023703740726723,7,3
44,0.035448766051685426,0.502963555099044,7,3
0,0.8104506008198129,0.4155495015158073,7,4
1,0.39839478838159526,0.5156703988553208,7,4
2,0.2614967253593821,0.5503043263918223,7,4
3,0.19957453109996237,0.5624803750911939,7,4
4,0.16620321510870806,0.5638578947831685,7,4
5,0.1449998892554617,0.5715789097804392,7,4
6,0.12891301296062702,0.5810602219166286,7,4
7,0.11676461982805075,0.5866276874676412,7,4
8,0.10700247627989941,0.5909141804328072,7,4
9,0.09867468632343163,0.5928394804484532,7,4
10,0.09165778107916768,0.5917784578465012,7,4
11,0.08529857338143598,0.5934496651750465,7,4
12,0.08071921182367053,0.5948512150256126,7,4
13,0.07608407782499564,0.59901260379594,7,4
14,0.07236850480433656,0.6010762308524991,7,4
15,0.06937990401004619,0.60124562238672,7,4
16,0.06567966659013887,0.6036716646741641,7,4
17,0.0636530562681453,0.6008190327613104,7,4
18,0.06066403007844499,0.6031996831532227,7,4
19,0.05829474757686292,0.6031934673036394,7,4
20,0.056499310496144345,0.6087505119551976,7,4
21,0.05452822104911483,0.6070479927999822,7,4
22,0.05258732142606981,0.6132495085147435,7,4
23,0.05101423466934284,0.6159435415734804,7,4
24,0.049746611126397694,0.6109862450306244,7,4
25,0.04858690718743583,0.6121560589900001,7,4
26,0.047179044003573575,0.6074784599641213,7,4
27,0.04634178688644304,0.6097134390071154,7,4
28,0.045093535638513156,0.6139299319725391,7,4
29,0.04413201440475766,0.6139392082423507,7,4
30,0.043136802108809456,0.6132753927298779,7,4
31,0.04236275673455978,0.6153984394897313,7,4
32,0.041521262797227024,0.6143864743417997,7,4
33,0.0407785563065717,0.6116354682993572,7,4
0,0.8669862182896594,0.5958066134489285,8,0
1,0.42265426644978743,0.7229045032101746,8,0
2,0.2648625750807238,0.7650579595249581,8,0
3,0.1976325356281987,0.7817710532870662,8,0
4,0.16397455939008307,0.7812033902613865,8,0
5,0.1411150062199655,0.7990732768920076,8,0
6,0.12551041248707737,0.8082605731320908,8,0
7,0.11264992414028824,0.7983111858568132,8,0
8,0.103192734011149,0.7998909879440547,8,0
9,0.09452361685311823,0.8045636736782985,8,0
10,0.08751747025307674,0.8104509745515435,8,0
11,0.08172543259567557,0.8170466325682612,8,0
12,0.07670651082553817,0.8030138768323792,8,0
13,0.07212027253596603,0.8160669621334611,8,0
14,0.06823181322173691,0.820724046610512,8,0
15,0.06452628979166253,0.8242080492711753,8,0
16,0.06151327875242106,0.8215279701695,8,0
17,0.05877203855474116,0.8227902840271639,8,0
18,0.056341353204940194,0.8191230527579361,8,0
19,0.05423235945385536,0.8233183396892906,8,0
20,0.05188001541659849,0.8226316792659415,8,0
21,0.0500380451612842,0.8193966988131933,8,0
22,0.04824554343272641,0.82178162392752,8,0
23,0.04677358988410913,0.8172544115683108,8,0
24,0.045263568880194324,0.8206076005415287,8,0
25,0.04407066196275392,0.820185143172016,8,0
0,0.8594115254264564,0.47005006547758327,8,1
1,0.4266588884504361,0.4882137967576697,8,1
2,0.26766857137089384,0.5101206481453329,8,1
3,0.19908932144884028,0.5162681290614156,8,1
4,0.16464552622753464,0.5283014068718065,8,1
5,0.1421588026110912,0.535623485937756,8,1
6,0.12543254885265598,0.532637711417498,8,1
7,0.11305536220126883,0.5494504821567825,8,1
8,0.10316294420724464,0.5537995719596254,8,1
9,0.09498238296915017,0.5526584843632891,8,1
10,0.0880615951313925,0.5592392238428622,8,1
11,0.08224971684718732,0.5567444669542575,8,1
12,0.0774704915372806,0.5552997115221584,8,1
13,0.07266118552484499,0.5596676943896152,8,1
14,0.06884369700015525,0.5605738050425616,8,1
15,0.06570098890715659,0.5738152387838442,8,1
16,0.0625638170499314,0.5603348184136562,8,1
17,0.05982546090167396,0.5628487579791309,8,1
18,0.057068797382674175,0.5700430682249614,8,1
19,0.054876845750796835,0.5691112064720434,8,1
20,0.0528155417328742,0.576395593938949,8,1
21,0.050906885272103235,0.576731321993113,8,1
22,0.049293492707204185,0.5756660346100533,8,1
23,0.0475563806436132,0.5744217248164938,8,1
24,0.04627342669069626,0.577064501164736,8,1
25,0.044811966888673734,0.5795383607432822,8,1
26,0.0436440396825878,0.5787957501277091,8,1
27,0.04243056105885621,0.5809310836233031,8,1
28,0.04134297175717456,0.5805034640747234,8,1
29,0.040568054795590516,0.5804065121535689,8,1
30,0.03963667005972382,0.5797930477641755,8,1
31,0.038818238547940816,0.5861263199018657,8,1
32,0.037991947417978886,0.5832363343955261,8,1
33,0.0373899006891658,0.5834116355108155,8,1
34,0.03666515857702644,0.5841507043122777,8,1
35,0.03617687209358587,0.5850530362871729,8,1
36,0.03554973285601045,0.5842102703464463,8,1
37,0.03499554284535769,0.5844805559178327,8,1
38,0.0344882566167115,0.5850951368825831,8,1
39,0.034112087280746314,0.5850551755357607,8,1
40,0.033739824524289856,0.5854447414674665,8,1
41,0.03335751757011574,0.5836790400026048,8,1
0,0.8083031371743218,0.40380906896903285,8,2
1,0.4000490045139004,0.4921992718934278,8,2
2,0.25766386561268606,0.5065496235067034,8,2
3,0.19202171998977907,0.5053144771969786,8,2
4,0.1602518313284216,0.5114014705049083,8,2
5,0.13859226060512136,0.521347035929575,8,2
6,0.12272714187979465,0.5215254910542462,8,2
7,0.1120017163861059,0.526186512620051,8,2
8,0.10600920627307696,0.5308862706109615,8,2
9,0.09565930934899594,0.5318902197273853,8,2
10,0.08958147322212479,0.5274061568315975,8,2
11,0.08334776046244552,0.5326445066390147,8,2
12,0.08278675042084721,0.5275692133239758,8,2
13,0.0754228488921253,0.5292359412740609,8,2
14,0.07155408260960482,0.5293901115076322,8,2
15,0.06787117423396376,0.5291659374282183,8,2
16,0.06526759549057605,0.5261178973837448,8,2
17,0.06315643837539318,0.5300014800955832,8,2
18,0.064689372630026,0.5302749370718751,8,2
19,0.058643172372870166,0.5260208518662842,8,2
20,0.056940633976297596,0.5271145370618967,8,2
21,0.054778828114962735,0.5266518046941571,8,2
0,0.7850846939105146,0.37058735364168277,8,3
1,0.36040428332356067,0.41290576110333527,8,3
2,0.22560023838039198,0.42720738410576736,8,3
3,0.16718181653461658,0.4314957223309122,8,3
4,0.13742885100402893,0.43959486989514973,8,3
5,0.12009161125955674,0.4381529063424059,8,3
6,0.10471838548784441,0.44131181052282514,8,3
7,0.09452454784331189,0.4410009108540487,8,3
8,0.08584058923711008,0.4351718632255195,8,3
9,0.07932949846644076,0.4419858348767462,8,3
10,0.07368717426179215,0.4418451339997782,8,3
11,0.06886893178956757,0.44226071873475004,8,3
12,0.06479160552802087,0.4399902392980319,8,3
13,0.061199523392946244,0.44385115801682334,8,3
14,0.0580816962734025,0.44136062050193653,8,3
15,0.05523723731285834,0.43286062251100765,8,3
16,0.05265768718832773,0.43638026235428834,8,3
17,0.05034249367950616,0.4346600503071228,8,3
18,0.04833156934971425,0.43471129434177574,8,3
19,0.046607887064995766,0.4357549464139847,8,3
20,0.044914789169417386,0.4335286821134529,8,3
21,0.04350749469482653,0.43776881397147965,8,3
22,0.041766619223287546,0.4371724454426093,8,3
23,0.04058373323143698,0.4368968829994612,8,3
0,0.8088259563787232,0.4862081970696363,8,4
1,0.40511559484944615,0.5682000128848065,8,4
2,0.26879797590411747,0.6045221229030403,8,4
3,0.20710947586323442,0.6167274965854429,8,4
4,0.17492394989890578,0.6226094189028674,8,4
5,0.15357091885148205,0.628325260549684,8,4
6,0.13799754739736314,0.6364697877648082,8,4
7,0.1260398573911197,0.6495817808361506,8,4
8,0.11625929114038519,0.648319712331133,8,4
9,0.10788704006574226,0.6559638493224412,8,4
10,0.10157158991297201,0.6608832982977945,8,4
11,0.09556580849090754,0.6597726517874075,8,4
12,0.09013329005385848,0.6627282164010503,8,4
13,0.08584651186228211,0.656860972655005,8,4
14,0.08166167612579332,0.6743440372080984,8,4
15,0.07833355660563732,0.6836642879222111,8,4
16,0.07483919761855687,0.6779517458862263,8,4
17,0.07230413585806678,0.683656122418096,8,4
18,0.0695023709619004,0.6788545736614818,8,4
19,0.06704128091811996,0.6775530873316087,8,4
20,0.06482290523250324,0.6800091849652166,8,4
21,0.062966107771841,0.6893931504482192,8,4
22,0.0610805479385092,0.6895036030493461,8,4
23,0.05945118869522095,0.6910828755363588,8,4
24,0.05790629773962312,0.6887347964860209,8,4
25,0.05631911000736655,0.6901310007887888,8,4
26,0.05506766074166708,0.690020569087198,8,4
27,0.05364952232114717,0.6901487090738332,8,4
28,0.05260219174876284,0.6910533091453397,8,4
29,0.051447445806384565,0.6918358369926824,8,4
30,0.05082932293062532,0.6947893649548181,8,4
31,0.04965967772860645,0.6924310442289917,8,4
32,0.04868700322552664,0.6939264741309912,8,4
33,0.04807756575231805,0.6937561957048324,8,4
34,0.04748354187236311,0.6931866754926476,8,4
35,0.04673169964888986,0.6950146251892285,8,4
36,0.045957697702241784,0.6937045264611003,8,4
37,0.04533463182025608,0.7002244997404382,8,4
38,0.04492401904751645,0.694753370069769,8,4
39,0.04447517080487231,0.6950175479479984,8,4
40,0.04404892276003054,0.700434963913866,8,4
41,0.04353320360660931,0.7025969421251741,8,4
42,0.04323598854093282,0.6990480264989823,8,4
43,0.04277532334255127,0.7023124184818085,8,4
44,0.04256021280510193,0.7011549123089745,8,4
45,0.04245745065201244,0.702746913248019,8,4
46,0.04209408542787279,0.7022379361368989,8,4
47,0.041903236556520916,0.7015393648572509,8,4
48,0.04177268067846667,0.7013817243854392,8,4
49,0.04157405046394672,0.7028245602800487,8,4
50,0.04143653797191034,0.7028245602800487,8,4
51,0.041204055403431784,0.7024497696349173,8,4
52,0.041069794797907656,0.7024497696349173,8,4
53,0.04117180120180572,0.7024497696349173,8,4
54,0.04102464692481184,0.7024497696349173,8,4
55,0.040848539688393894,0.7024497696349173,8,4
56,0.04092337332635826,0.7024497696349173,8,4
57,0.04098618336309949,0.7024497696349173,8,4
58,0.041027097520942434,0.7024497696349173,8,4
59,0.04092340996146065,0.7024497696349173,8,4
0,0.870077552695723,0.4926843270672414,9,0
1,0.43168984989471354,0.6117512812241602,9,0
2,0.2669811631721256,0.6706808462717495,9,0
3,0.19747976633575998,0.6960380761012018,9,0
4,0.1625063230447853,0.7005723128116713,9,0
5,0.13958684676446398,0.7105352868951931,9,0
6,0.1242699491191578,0.7116293068277675,9,0
7,0.11240034532063944,0.7210183155036934,9,0
8,0.10223193258020183,0.7253908959593899,9,0
9,0.09381872910324997,0.7455572661540363,9,0
10,0.08665110311218654,0.7425699962817509,9,0
11,0.08047176453510028,0.7371637667270288,9,0
12,0.07563571843339914,0.7463236880857366,9,0
13,0.07114922393684019,0.7481040926626391,9,0
14,0.06731175945595566,0.7546365113814226,9,0
15,0.06389321060292351,0.7593559930061159,9,0
16,0.060626798080190766,0.7542000816381419,9,0
17,0.057890580063989845,0.7515948906037814,9,0
18,0.055239124012302625,0.7605650817627128,9,0
19,0.053338469509340625,0.7573823040281181,9,0
20,0.05123612351628069,0.7575954699047053,9,0
21,0.04915473609105097,0.7597122439998563,9,0
22,0.04735071872596449,0.7620723996778667,9,0
23,0.04610387872530039,0.7596815453196193,9,0
24,0.04445522832557423,0.7642496716665516,9,0
25,0.043181317364312646,0.76425595774858,9,0
26,0.04199320927756512,0.760545645480747,9,0
27,0.040773335160899815,0.7662136626075323,9,0
28,0.03977442409899454,0.7695129888497133,9,0
29,0.03879141856111362,0.7642607159619056,9,0
30,0.03798602187734663,0.7656721115390526,9,0
31,0.03703932564261883,0.7641078621456172,9,0
32,0.03650112106101961,0.7654300702973904,9,0
33,0.03566230423407164,0.7675399370847509,9,0
34,0.03515501126405662,0.7651187003890497,9,0
35,0.0344064053460996,0.765806610080395,9,0
36,0.03406706877492185,0.7649618521468978,9,0
37,0.03347254115816531,0.7675350076654839,9,0
38,0.03307815377524413,0.7662605788998974,9,0
0,0.8527999829230429,0.47234423379054175,9,1
1,0.41694555675599504,0.4928771006010118,9,1
2,0.2607545571167998,0.5097250915314823,9,1
3,0.19318250756533167,0.5139625388325212,9,1
4,0.158809704542449,0.5193753896421157,9,1
5,0.13626012476820132,0.5342574133745982,9,1
6,0.11994622603383913,0.5339302005243934,9,1
7,0.10814183311925864,0.5414244289204895,9,1
8,0.09802976459295717,0.5429734997259091,9,1
9,0.09070493019777565,0.5356344865001917,9,1
10,0.08394097412998636,0.5457742161459619,9,1
11,0.07796900341413897,0.5437997394649573,9,1
12,0.07324879577409846,0.5401945511041587,9,1
13,0.0692461773600078,0.5419797177948699,9,1
14,0.06555723501441386,0.5456413951896334,9,1
15,0.0622685811772958,0.5411082349391685,9,1
16,0.05940579447706508,0.5408917336354272,9,1
17,0.056595702038207726,0.5395940577638907,9,1
18,0.05431228597716923,0.5392355743501578,9,1
19,0.052512249820649066,0.5429453272104076,9,1
20,0.050618965234201084,0.5431214548117971,9,1
0,0.8240634740241134,0.4134232418058006,9,2
1,0.39677088836307517,0.49440891458870323,9,2
2,0.25254035517961204,0.5375215467783862,9,2
3,0.1912982224259305,0.5577646714278264,9,2
4,0.15865703982842358,0.5662527873994111,9,2
5,0.13759779159332278,0.6089429669548649,9,2
6,0.12211023711564879,0.6343425246394384,9,2
7,0.1107287970863771,0.6305458731073212,9,2
8,0.10135545264258719,0.6127623467853955,9,2
9,0.09376763428712669,0.6377617647054574,9,2
10,0.08679004433202424,0.6390020603694356,9,2
11,0.08226161950230156,0.6359457307774404,9,2
12,0.07643511011906845,0.643504268712861,9,2
13,0.07278785173712254,0.6450896453699926,9,2
14,0.0689972618171896,0.6411921130689832,9,2
15,0.06594350635506743,0.6432774431479508,9,2
16,0.06272221685150826,0.6475925626132968,9,2
17,0.060055130304907,0.6441099513364481,9,2
18,0.05791785889593585,0.6479357808185663,9,2
19,0.055785820815380964,0.654108877532586,9,2
20,0.05443348130809821,0.6518750073743701,9,2
21,0.05205087277246347,0.6566575473024475,9,2
22,0.05037867366748371,0.6563562615568532,9,2
23,0.048954182789149175,0.6549691872815916,9,2
24,0.04843541818616413,0.6618051858499143,9,2
25,0.04665322737343048,0.6629414556005807,9,2
26,0.04543689364035299,0.6597053134362426,9,2
27,0.04428605304556624,0.657145339168228,9,2
28,0.04344138153935041,0.6580913539403633,9,2
29,0.04265167021309261,0.6738055124080886,9,2
30,0.04153262916388414,0.668770396775058,9,2
31,0.0409702862220408,0.6657364483406814,9,2
32,0.04024650602519645,0.660381558646797,9,2
33,0.039553379944520614,0.6638624744618981,9,2
34,0.03881197957493959,0.6612373837554593,9,2
35,0.038314309853315985,0.6672962861555916,9,2
36,0.037703758398498155,0.671315371987332,9,2
37,0.037348088515594145,0.6692264953922548,9,2
38,0.0368503895860799,0.6708466713392398,9,2
39,0.036458096243452975,0.669593809661109,9,2
0,0.7647482188426694,0.3554001282993118,9,3
1,0.3669512037909529,0.46974118980894713,9,3
2,0.236037330441433,0.4841553917874126,9,3
3,0.18056862742618981,0.500966203808207,9,3
4,0.15083066018790117,0.5108460007922614,9,3
5,0.131399045373909,0.5135356406277373,9,3
6,0.11783172663607297,0.5181424841834344,9,3
7,0.10682907083533494,0.51174595505976,9,3
8,0.09759349302910071,0.5124386764913019,9,3
9,0.09088183283238216,0.5095743487844292,9,3
10,0.08475390292647846,0.5156434976187221,9,3
11,0.07931052011304518,0.5145850200897965,9,3
12,0.07509825159664905,0.5105086322694395,9,3
13,0.07104143769617052,0.5085124083474337,9,3
14,0.0678368395994847,0.5097828220035043,9,3
15,0.0648660673636548,0.5117929785939999,9,3
16,0.06186966007269115,0.5144298629039464,9,3
0,0.8010149269290516,0.2984812049646209,9,4
1,0.37920152145048996,0.35566275966640576,9,4
2,0.2464405604262468,0.376807419045112,9,4
3,0.1895487507952943,0.39201768552241084,9,4
4,0.1592590039887788,0.4070763289157205,9,4
5,0.13885499132357182,0.40144963031112785,9,4
6,0.12373623847897376,0.41642089119312153,9,4
7,0.11298956497847176,0.4189587371642434,9,4
8,0.10227133620465517,0.4223907688449553,9,4
9,0.094666572007061,0.4177295372581404,9,4
10,0.0880491470034574,0.41605654088709815,9,4
11,0.08229689991957086,0.42043701373586523,9,4
12,0.07660556133526668,0.42908568675329556,9,4
13,0.0726578775869373,0.42781704659301706,9,4
14,0.06888097323767094,0.4289074620294097,9,4
15,0.06547663951852668,0.4329700485395103,9,4
16,0.06236492603130169,0.43122448248041306,9,4
17,0.05978942073220313,0.42987232209554826,9,4
18,0.05710965089456717,0.4242921208218302,9,4
19,0.05519925145716173,0.422514652211216,9,4
20,0.05308822162133915,0.42573134514155647,9,4
21,0.05103995562698184,0.4239038041752797,9,4
22,0.04956458370140643,0.432148252759803,9,4
23,0.04781847410408394,0.4279447454934584,9,4
24,0.04662674048372284,0.4291808373502379,9,4
25,0.04503627639450413,0.4250227523570602,9,4
