species,tape_id,clips,kept_clips,year,native_sample_rate,seconds
HumpbackWhale,52008,2,2,1952,30000,8.157166666666667
HumpbackWhale,54018,29,29,1954,14900,253.23147651006713
HumpbackWhale,55113,20,20,1955,14900,168.69255033557047
HumpbackWhale,58018,62,62,1958,10000,1165.0985536912751
HumpbackWhale,61042,2,2,1961,10000,5.6831
HumpbackWhale,61043,3,3,1961,10240,3.965625
HumpbackWhale,63019,59,59,1963,5120,2658.5526292470636
HumpbackWhale,63043,24,24,1963,14900,1341.3222147651006
HumpbackWhale,75017,29,29,1975,5120,56.9859375
HumpbackWhale,79022,6,6,1979,10000,43.3086
HumpbackWhale,79029,6,6,1979,5120,7.74375
HumpbackWhale,80020,73,72,1980,10240,207.34892578125
HumpbackWhale,86008,254,254,1986,14900,962.2907382550336
HumpbackWhale,92201,35,35,1992,14900,262.4714093959731
KillerWhale,60012,33,33,1960,40000,90.495275
KillerWhale,60026,272,272,1960,40960,823.8778052510669
KillerWhale,61062,6,6,1961,10240,12.1734375
KillerWhale,64020,3,3,1964,20480,4.246874999999999
KillerWhale,64023,2,2,1964,10240,2.46328125
KillerWhale,64025,9,9,1964,20000,27.2803
KillerWhale,64030,35,35,1964,40000,51.908125
KillerWhale,64031,178,178,1964,40000,439.1692
KillerWhale,66049,3,3,1966,20000,9.54005
KillerWhale,79015,25,25,1979,20000,48.9615
KillerWhale,89405,156,140,1989,21900,220.20328767123289
KillerWhale,92300,138,138,1992,21900,567.1509132420091
KillerWhale,92301,42,42,1992,21900,145.20255707762556
KillerWhale,92302,103,103,1992,21900,613.8201826484018
KillerWhale,92303,15,15,1992,21900,27.60027397260274
KillerWhale,92304,174,173,1992,21900,366.4524200913242
KillerWhale,97500,31,31,1997,21900,75.87424657534247
KillerWhale,97501,23,23,1997,21900,65.81146118721462
KillerWhale,97503,75,74,1997,21900,183.0808219178082
KillerWhale,97504,151,143,1997,21900,342.22004566210046
KillerWhale,97619,40,38,1997,21900,105.16050228310502
KillerWhale,97677,1,1,1997,21900,2.219543378995434
KillerWhale,97692,87,87,1997,21900,242.80840182648402
KillerWhale,97741,34,34,1997,21900,52.645753424657535
KillerWhale,97742,26,22,1997,20000,30.32565
KillerWhale,97743,29,29,1997,20000,45.20815
KillerWhale,97744,22,21,1997,20000,34.9765
KillerWhale,97745,6,6,1997,20000,10.7934
KillerWhale,97747,25,25,1997,20000,31.7027
KillerWhale,97748,32,32,1997,20000,56.98755
KillerWhale,97749,28,28,1997,21900,47.13958904109589
KillerWhale,97750,16,16,1997,21900,28.085205479452053
KillerWhale,97751,29,29,1997,21900,36.90374429223744
KillerWhale,97752,43,42,1997,21900,55.428082191780824
KillerWhale,97753,14,14,1997,21900,14.12675799086758
KillerWhale,97754,48,48,1997,21900,57.079223744292236
KillerWhale,97755,34,32,1997,21900,47.93447488584475
KillerWhale,97756,40,40,1997,21900,56.484566210045664
KillerWhale,97757,16,15,1997,21900,20.661141552511417
KillerWhale,97758,64,62,1997,21900,85.18547945205479
KillerWhale,97759,68,68,1997,21900,96.18703196347032
KillerWhale,97760,13,13,1997,21900,16.236712328767123
KillerWhale,97761,76,74,1997,21900,106.20913242009132
KillerWhale,97762,12,12,1997,21900,14.47744292237443
KillerWhale,97763,8,8,1997,21900,12.341187214611871
KillerWhale,97764,18,18,1997,21900,30.831780821917807
KillerWhale,97765,9,9,1997,21900,13.13027397260274
KillerWhale,97766,24,24,1997,21900,41.03073059360731
KillerWhale,97767,19,19,1997,21900,28.529680365296805
KillerWhale,97768,11,11,1997,21900,15.387762557077625
KillerWhale,97769,31,31,1997,21900,55.71214611872146
KillerWhale,97770,10,10,1997,21900,16.71771689497717
KillerWhale,97771,23,22,1997,21900,33.691095890410956
KillerWhale,97772,33,33,1997,21900,44.0924200913242
KillerWhale,97773,27,27,1997,21900,30.25324200913242
KillerWhale,97774,6,6,1997,21900,8.664840182648401
KillerWhale,97775,24,21,1997,21900,35.97
KillerWhale,97776,25,25,1997,21900,40.86853881278539
KillerWhale,97777,7,7,1997,21900,7.972237442922374
KillerWhale,97778,21,20,1997,21900,24.64365296803653
KillerWhale,97779,28,28,1997,21900,37.04694063926941
KillerWhale,97780,21,21,1997,21900,27.4586301369863
KillerWhale,97781,10,10,1997,21900,16.58447488584475
KillerWhale,97782,14,14,1997,21900,19.91780821917808
KillerWhale,97783,1,1,1997,21900,2.332420091324201
SpermWhale,52008,3,3,1952,30000,12.814166666666667
SpermWhale,61027,4,4,1961,30000,17.223233333333333
SpermWhale,62031,3,3,1962,81920,31.99246826171875
SpermWhale,66026,75,63,1966,81920,53.85234375
SpermWhale,72009,24,24,1972,40960,2281.547836819728
SpermWhale,75005,22,22,1975,80000,61.6831125
SpermWhale,75006,36,9,1975,20000,712.34785
SpermWhale,75007,12,3,1975,10000,236.03869999999998
SpermWhale,75008,9,0,1975,10000,2.88
SpermWhale,75009,6,0,1975,10000,1.92
SpermWhale,75010,5,0,1975,10000,1.6
SpermWhale,75011,60,60,1975,40960,169.42531662665067
SpermWhale,75012,17,17,1975,166600,46.55172869147659
SpermWhale,77028,19,15,1977,81920,14.3593994140625
SpermWhale,77035,16,16,1977,166600,30.606026410564226
SpermWhale,83019,64,11,1983,40960,26.93597412109375
SpermWhale,84007,5,5,1984,60600,335.0494884488449
SpermWhale,84014,12,12,1984,40960,96.36093749999999
SpermWhale,84016,12,12,1984,160000,1994.275825510204
SpermWhale,84018,10,10,1984,160000,1057.59368125
SpermWhale,84020,1,1,1984,40000,20.032225
SpermWhale,84021,2,2,1984,40000,93.6601875
SpermWhale,85002,95,95,1985,81920,452.89510416666667
SpermWhale,85003,14,14,1985,81920,70.2822181372549
SpermWhale,85004,7,7,1985,81920,18.8390625
SpermWhale,85005,8,8,1985,81920,13.505379901960785
SpermWhale,85009,38,29,1985,81600,74.38555147058824
SpermWhale,85010,7,7,1985,81920,24.229295343137256
SpermWhale,87009,35,17,1987,40000,24.68565
SpermWhale,87011,2,2,1987,40960,71.25
SpermWhale,87017,5,5,1987,40960,10.979932414139851
SpermWhale,88002,97,95,1988,81600,857.0146455248766
SpermWhale,90007,10,10,1990,160000,2049.88069375
SpermWhale,90008,15,15,1990,160000,2311.0356125
SpermWhale,90009,10,10,1990,160000,2047.8679375000002
SpermWhale,90010,15,15,1990,160000,2184.8428750000003
SpermWhale,90011,5,5,1990,160000,3493.4199
SpermWhale,90027,8,8,1990,166600,17.006266506602643
SpermWhale,90033,5,5,1990,160000,1614.76890625
SpermWhale,90039,10,10,1990,43900,1070.467787229499
SpermWhale,90043,5,5,1990,160000,2034.3596687499999
SpermWhale,90046,31,31,1990,160000,4657.824584254535
SpermWhale,90065,35,35,1990,160000,2471.4892375
SpermWhale,91003,76,4,1991,81920,80.2596435546875
SpermWhale,91012,15,13,1991,81920,12.06187744140625
SpermWhale,93001,7,7,1993,81600,97.13166666666666
SpermWhale,93003,4,4,1993,81920,11.34375
SpermWhale,93006,3,3,1993,81920,8.3625
SpermWhale,93570,46,46,1993,81600,296.95658088235297
SpermWhale,93573,51,51,1993,81600,235.356875
SpermWhale,93580,5,5,1993,81600,5.603995098039216
SpermWhale,93582,20,20,1993,81600,29.317267156862744
SpermWhale,93584,32,32,1993,81600,80.41763480392157
SpermWhale,93591,6,6,1993,81920,340.1029779411765
SpermWhale,94004,16,14,1994,60600,207.08679867986797
SpermWhale,94005,13,13,1994,60600,1922.882224130576
SpermWhale,94011,6,6,1994,60600,14.852755775577558
SpermWhale,94201,24,21,1994,47600,238.48466386554622
SpermWhale,95001,26,26,1995,160000,6791.84153039966
SpermWhale,95510,23,4,1995,30000,814.0184666666667
SpermWhale,95516,48,0,1995,30000,15.36
SpermWhale,95518,7,0,1995,30000,2.24
SpermWhale,95519,77,18,1995,30000,46.54866666666667
