feature,gain,repeat,fold
mfcc_15_p10,0.05486033856868744,0,0
zero_crossing_rate_mean,0.05200030282139778,0,0
bandwidth_mean,0.03417205810546875,0,0
contrast_0_p90,0.03252241760492325,0,0
mfcc_0_std,0.022300202399492264,0,0
spectral_entropy_p90,0.01991298608481884,0,0
rolloff85_std,0.019766760990023613,0,0
bandwidth_p90,0.017092490568757057,0,0
spectral_entropy_mean,0.016856946051120758,0,0
contrast_0_mean,0.015046032145619392,0,0
mfcc_1_mean,0.014907054603099823,0,0
zero_crossing_rate_p90,0.014063692651689053,0,0
flatness_p10,0.013920247554779053,0,0
mfcc_1_p10,0.013904372230172157,0,0
mfcc_11_p10,0.01386625599116087,0,0
bandwidth_p10,0.013641374185681343,0,0
contrast_4_mean,0.013611814938485622,0,0
mfcc_3_p10,0.013521515764296055,0,0
contrast_3_p10,0.012770143337547779,0,0
mfcc_delta_0_std,0.012512573972344398,0,0
zero_crossing_rate_p10,0.012368409894406796,0,0
contrast_5_p10,0.012347254902124405,0,0
mfcc_1_p90,0.012120642699301243,0,0
mfcc_delta_0_p90,0.01160823367536068,0,0
rms_p90,0.01152615062892437,0,0
mfcc_15_mean,0.010793395340442657,0,0
mfcc_5_p90,0.010598951019346714,0,0
dominant_frequency,0.01033705472946167,0,0
mfcc_11_p90,0.009700910188257694,0,0
rms_p10,0.009271500632166862,0,0
mfcc_4_p90,0.00903291068971157,0,0
contrast_5_p90,0.008759025484323502,0,0
mfcc_2_p10,0.00866108387708664,0,0
centroid_mean,0.008184040896594524,0,0
contrast_4_p10,0.00800308957695961,0,0
contrast_5_mean,0.007862667553126812,0,0
contrast_4_p90,0.007315978407859802,0,0
contrast_3_mean,0.006964385509490967,0,0
mfcc_2_mean,0.006869349628686905,0,0
flatness_p90,0.006704927887767553,0,0
spectral_entropy_p10,0.006373911630362272,0,0
mfcc_delta_1_p90,0.006333219353109598,0,0
mfcc_delta_0_p10,0.006312964949756861,0,0
mfcc_16_std,0.006255717016756535,0,0
flatness_mean,0.005913115572184324,0,0
centroid_p90,0.005750617478042841,0,0
mfcc_17_std,0.005725162569433451,0,0
contrast_0_p10,0.005711049772799015,0,0
mfcc_5_mean,0.005703610833734274,0,0
mfcc_3_p90,0.005560175981372595,0,0
mfcc_18_mean,0.005285448860377073,0,0
mfcc_11_mean,0.005264457315206528,0,0
mfcc_3_mean,0.005160109605640173,0,0
mfcc_17_p90,0.00510866753757,0,0
rolloff85_p10,0.005061980802565813,0,0
zero_crossing_rate_std,0.004852312617003918,0,0
rolloff85_p90,0.004802231211215258,0,0
contrast_5_std,0.004781416617333889,0,0
mfcc_delta_2_p90,0.004689930006861687,0,0
rolloff85_mean,0.00461549824103713,0,0
mfcc_delta_0_std,0.04414016008377075,0,1
mfcc_15_p10,0.0402241013944149,0,1
centroid_p90,0.030667908489704132,0,1
spectral_entropy_p90,0.026973716914653778,0,1
bandwidth_mean,0.026484506204724312,0,1
mfcc_2_p10,0.01983516849577427,0,1
mfcc_1_p10,0.01738690957427025,0,1
mfcc_1_p90,0.016516391187906265,0,1
mfcc_17_mean,0.01636456325650215,0,1
rms_mean,0.016064314171671867,0,1
mfcc_2_p90,0.015737930312752724,0,1
mfcc_3_p10,0.013990301638841629,0,1
mfcc_2_mean,0.013840042054653168,0,1
bandwidth_std,0.013170646503567696,0,1
contrast_0_mean,0.011520685628056526,0,1
rms_p90,0.01112251728773117,0,1
mfcc_18_p90,0.011114553548395634,0,1
mfcc_4_p90,0.011069444939494133,0,1
rms_p10,0.010873242281377316,0,1
mfcc_delta_0_p90,0.0108603211119771,0,1
contrast_2_std,0.010605527088046074,0,1
dominant_frequency,0.010088032111525536,0,1
mfcc_11_mean,0.010067705996334553,0,1
mfcc_1_mean,0.009636242873966694,0,1
bandwidth_p90,0.008969699032604694,0,1
bandwidth_p10,0.008956856094300747,0,1
flatness_p10,0.008868617936968803,0,1
mfcc_delta_0_p10,0.008821572177112103,0,1
rolloff85_p90,0.008638898842036724,0,1
mfcc_5_mean,0.00850627664476633,0,1
mfcc_11_p90,0.008372776210308075,0,1
contrast_4_mean,0.008314397186040878,0,1
mfcc_10_p10,0.008306752890348434,0,1
spectral_entropy_mean,0.007646313402801752,0,1
contrast_1_mean,0.007616955321282148,0,1
mfcc_10_mean,0.007176004815846682,0,1
zero_crossing_rate_mean,0.0069790431298315525,0,1
contrast_5_mean,0.006752051413059235,0,1
rolloff85_std,0.006687115412205458,0,1
mfcc_0_std,0.006555038038641214,0,1
mfcc_8_mean,0.006517893169075251,0,1
rolloff85_p10,0.006347707938402891,0,1
mfcc_0_p10,0.006241251714527607,0,1
mfcc_15_mean,0.006172345485538244,0,1
centroid_p10,0.006015552673488855,0,1
contrast_5_p90,0.006003798451274633,0,1
mfcc_17_p10,0.005993094760924578,0,1
mfcc_delta_11_p90,0.005885926540941,0,1
mfcc_4_mean,0.005822725128382444,0,1
mfcc_16_std,0.005512380041182041,0,1
zero_crossing_rate_p90,0.005471222568303347,0,1
mfcc_6_mean,0.0053857965394854546,0,1
mfcc_4_p10,0.005352713633328676,0,1
mfcc_5_p90,0.005285528488457203,0,1
mfcc_19_mean,0.005210361443459988,0,1
contrast_3_p10,0.005144755356013775,0,1
contrast_2_mean,0.005119753535836935,0,1
flatness_mean,0.005107411649078131,0,1
contrast_0_p10,0.004977105651050806,0,1
mfcc_0_mean,0.00493214838206768,0,1
bandwidth_mean,0.025176016613841057,0,2
mfcc_2_p90,0.021497532725334167,0,2
mfcc_delta_0_std,0.020828627049922943,0,2
spectral_entropy_p90,0.01965264044702053,0,2
mfcc_13_mean,0.019287798553705215,0,2
rolloff85_std,0.01678755320608616,0,2
mfcc_2_mean,0.015923889353871346,0,2
rms_mean,0.015047437511384487,0,2
contrast_5_p10,0.014875268563628197,0,2
flatness_mean,0.013413216918706894,0,2
mfcc_13_std,0.013266995549201965,0,2
contrast_0_mean,0.012992281466722488,0,2
mfcc_3_p10,0.012981320731341839,0,2
mfcc_11_mean,0.012584791518747807,0,2
contrast_2_std,0.012484706938266754,0,2
mfcc_4_p10,0.012221991084516048,0,2
dominant_frequency,0.011979492381215096,0,2
contrast_3_p10,0.011695909313857555,0,2
mfcc_0_std,0.011660880409181118,0,2
mfcc_1_p10,0.01136634312570095,0,2
contrast_5_mean,0.011294814758002758,0,2
contrast_0_p10,0.010927892290055752,0,2
mfcc_1_p90,0.01081651821732521,0,2
mfcc_3_mean,0.010738934390246868,0,2
mfcc_4_mean,0.010343357920646667,0,2
mfcc_1_mean,0.010216373018920422,0,2
centroid_p90,0.01016650628298521,0,2
flatness_p10,0.010164382867515087,0,2
bandwidth_p90,0.010159832425415516,0,2
rms_p10,0.010082198306918144,0,2
spectral_entropy_p10,0.009982592426240444,0,2
bandwidth_p10,0.009774726815521717,0,2
contrast_4_p10,0.00975833646953106,0,2
mfcc_14_mean,0.009594295173883438,0,2
contrast_2_p10,0.009580619633197784,0,2
rolloff85_p90,0.009101150557398796,0,2
mfcc_17_mean,0.008899935521185398,0,2
mfcc_3_p90,0.008738347329199314,0,2
mfcc_0_p90,0.00865426380187273,0,2
mfcc_14_std,0.008582263253629208,0,2
centroid_p10,0.008546516299247742,0,2
mfcc_2_p10,0.008475751616060734,0,2
rms_p90,0.008316140621900558,0,2
rms_std,0.008177179843187332,0,2
zero_crossing_rate_std,0.008170722983777523,0,2
rolloff85_p10,0.008114684373140335,0,2
contrast_5_p90,0.007834335789084435,0,2
mfcc_15_p10,0.0076219080947339535,0,2
spectral_entropy_mean,0.007418428547680378,0,2
mfcc_delta_0_p90,0.007319730240851641,0,2
mfcc_16_std,0.007303648162633181,0,2
flatness_p90,0.007302084006369114,0,2
contrast_1_mean,0.007276519667357206,0,2
mfcc_delta_2_p10,0.007105445954948664,0,2
contrast_1_p10,0.006977418903261423,0,2
rolloff85_mean,0.00674139941111207,0,2
mfcc_4_p90,0.0067167580127716064,0,2
centroid_mean,0.0066178287379443645,0,2
contrast_0_p90,0.006546237040311098,0,2
mfcc_4_std,0.0065262154676020145,0,2
mfcc_15_p10,0.0414201058447361,0,3
mfcc_1_p10,0.02613016963005066,0,3
bandwidth_mean,0.022009607404470444,0,3
contrast_1_mean,0.021116599440574646,0,3
mfcc_13_std,0.018088562414050102,0,3
rolloff85_std,0.0179289523512125,0,3
mfcc_14_std,0.01766790822148323,0,3
contrast_1_p90,0.017598997801542282,0,3
mfcc_2_p90,0.016720838844776154,0,3
mfcc_delta_0_std,0.01657373085618019,0,3
dominant_frequency,0.015705566853284836,0,3
rolloff85_p90,0.015437750145792961,0,3
mfcc_0_p90,0.014664099551737309,0,3
mfcc_2_mean,0.014387141913175583,0,3
mfcc_1_mean,0.012842211872339249,0,3
mfcc_0_std,0.0123733039945364,0,3
mfcc_9_mean,0.012215021066367626,0,3
bandwidth_p10,0.012157771736383438,0,3
zero_crossing_rate_std,0.011538947001099586,0,3
contrast_5_p10,0.011110619641840458,0,3
zero_crossing_rate_p90,0.011069120839238167,0,3
mfcc_1_p90,0.010922898538410664,0,3
contrast_3_p10,0.010720922611653805,0,3
bandwidth_p90,0.01055300235748291,0,3
mfcc_5_mean,0.009875497780740261,0,3
mfcc_3_mean,0.009852339513599873,0,3
contrast_0_p10,0.009691893123090267,0,3
mfcc_3_p10,0.009646192193031311,0,3
contrast_0_mean,0.009317472577095032,0,3
mfcc_delta_0_p90,0.00922838132828474,0,3
rms_mean,0.009141834452748299,0,3
contrast_3_mean,0.009061293676495552,0,3
mfcc_delta_0_p10,0.0086831571534276,0,3
mfcc_2_p10,0.00867464765906334,0,3
contrast_5_mean,0.008353980258107185,0,3
centroid_p90,0.007997490465641022,0,3
mfcc_3_p90,0.007993767037987709,0,3
flatness_p90,0.007778498809784651,0,3
rolloff85_p10,0.007594000548124313,0,3
contrast_2_mean,0.007575304713100195,0,3
mfcc_11_mean,0.00752929737791419,0,3
zero_crossing_rate_mean,0.007325008045881987,0,3
contrast_0_p90,0.007100515533238649,0,3
mfcc_11_p90,0.00708589144051075,0,3
contrast_5_p90,0.006982614751905203,0,3
zero_crossing_rate_p10,0.006973064970225096,0,3
flatness_p10,0.006751836743205786,0,3
mfcc_4_p10,0.006738688796758652,0,3
rms_p10,0.006574912928044796,0,3
mfcc_15_std,0.006551301572471857,0,3
spectral_entropy_p90,0.006507029756903648,0,3
dominant_frequency_ratio,0.006424528080970049,0,3
mfcc_5_p90,0.006076706573367119,0,3
rolloff85_mean,0.006003259215503931,0,3
mfcc_2_std,0.005839942488819361,0,3
centroid_p10,0.0058377753011882305,0,3
flatness_mean,0.0056566703133285046,0,3
mfcc_4_p90,0.005610596388578415,0,3
mfcc_delta_2_p10,0.005578066222369671,0,3
bandwidth_std,0.005544876214116812,0,3
