feature,gain,fold
dominant_frequency_ratio,0.033847566694021225,0
mfcc_12_p90,0.021678587421774864,0
mfcc_delta_4_p90,0.0209505595266819,0
mfcc_delta_2_std,0.01915239728987217,0
mfcc_2_p10,0.01814597100019455,0
mfcc_12_p10,0.01671583764255047,0
mfcc_delta_0_p90,0.016002703458070755,0
rms_p10,0.015161937102675438,0
contrast_1_p90,0.01336305495351553,0
mfcc_delta_3_p10,0.012946637347340584,0
mfcc_delta_11_p90,0.012820637784898281,0
mfcc_4_p90,0.012474339455366135,0
mfcc_1_p90,0.012358689680695534,0
mfcc_delta_3_std,0.011764784343540668,0
flatness_p90,0.011533226817846298,0
mfcc_10_p90,0.011196794919669628,0
mfcc_6_mean,0.010919510386884212,0
mfcc_1_p10,0.010890080593526363,0
bandwidth_p90,0.010192384012043476,0
zero_crossing_rate_mean,0.010067882016301155,0
mfcc_10_mean,0.009758569300174713,0
mfcc_delta_8_p90,0.009428318589925766,0
mfcc_delta_2_p10,0.009408264420926571,0
mfcc_delta_13_std,0.009352524764835835,0
mfcc_delta_8_p10,0.009082334116101265,0
mfcc_12_mean,0.00906274002045393,0
mfcc_1_mean,0.00892240647226572,0
contrast_1_mean,0.008667940273880959,0
flatness_std,0.008510757237672806,0
rms_mean,0.008278080262243748,0
mfcc_19_p90,0.007989591918885708,0
mfcc_0_p90,0.00785688403993845,0
contrast_4_mean,0.007637898903340101,0
rolloff85_p90,0.007483262103050947,0
mfcc_delta_4_p10,0.007472402416169643,0
mfcc_delta_15_std,0.007280568592250347,0
mfcc_13_mean,0.007241558749228716,0
mfcc_7_p10,0.007158984895795584,0
mfcc_delta_12_p10,0.007002690341323614,0
mfcc_5_mean,0.006985105574131012,0
mfcc_delta_1_std,0.006980245001614094,0
mfcc_9_p90,0.006978906225413084,0
mfcc_delta_2_p90,0.006762462202459574,0
mfcc_delta_1_p10,0.006586669012904167,0
mfcc_16_p90,0.006584146060049534,0
mfcc_delta_6_p90,0.006560395006090403,0
mfcc_delta_0_p10,0.006538115441799164,0
mfcc_delta_8_std,0.006514545530080795,0
contrast_3_mean,0.006435219664126635,0
mfcc_delta_12_std,0.006333453115075827,0
mfcc_delta_10_p90,0.006293325684964657,0
contrast_5_mean,0.006177637260407209,0
mfcc_1_std,0.0061682770028710365,0
mfcc_delta_9_std,0.0060737598687410355,0
mfcc_13_p10,0.006030343472957611,0
mfcc_0_mean,0.005992664489895105,0
contrast_1_p10,0.005965749267488718,0
mfcc_4_mean,0.00595185486599803,0
bandwidth_mean,0.005925845354795456,0
spectral_entropy_p10,0.005824050400406122,0
contrast_5_std,0.04292257875204086,1
bandwidth_std,0.02639164589345455,1
mfcc_6_p10,0.02118387632071972,1
rms_p90,0.019422488287091255,1
centroid_p10,0.0175339262932539,1
rolloff85_p10,0.016533110290765762,1
rms_mean,0.014654546976089478,1
mfcc_8_p10,0.014280108734965324,1
rolloff85_p90,0.013462686911225319,1
mfcc_14_p10,0.012660321779549122,1
mfcc_delta_12_p10,0.012648974545300007,1
contrast_5_p10,0.012517235241830349,1
mfcc_10_p90,0.011918148025870323,1
contrast_1_mean,0.011307102628052235,1
mfcc_9_p90,0.010887714102864265,1
mfcc_2_p90,0.010595446452498436,1
contrast_5_p90,0.009584734216332436,1
contrast_2_p10,0.009446904063224792,1
mfcc_5_p90,0.009378243237733841,1
dominant_frequency_ratio,0.009046382270753384,1
flatness_p90,0.008712281472980976,1
flatness_std,0.00866378378123045,1
mfcc_delta_3_p90,0.008530871011316776,1
mfcc_15_p10,0.008437136188149452,1
mfcc_9_p10,0.008400543592870235,1
contrast_5_mean,0.008158067241311073,1
contrast_0_std,0.008125809021294117,1
mfcc_3_std,0.007940992712974548,1
contrast_4_std,0.007360238581895828,1
mfcc_delta_1_p10,0.007329187355935574,1
mfcc_delta_8_p90,0.007242192048579454,1
centroid_std,0.007181051652878523,1
mfcc_4_std,0.006853410974144936,1
spectral_entropy_p10,0.006840793415904045,1
mfcc_0_p10,0.006813810672610998,1
spectral_entropy_mean,0.006810330785810947,1
mfcc_18_p90,0.00663580559194088,1
contrast_2_mean,0.00649610860273242,1
spectral_entropy_p90,0.006142858881503344,1
mfcc_delta_8_std,0.006136123090982437,1
mfcc_delta_15_p10,0.006117904093116522,1
mfcc_14_mean,0.006034505553543568,1
rms_std,0.006028337404131889,1
contrast_0_p10,0.006022578105330467,1
mfcc_delta_3_p10,0.006013831123709679,1
mfcc_1_mean,0.006010668817907572,1
mfcc_13_p10,0.005966198164969683,1
mfcc_19_p10,0.005930692423135042,1
mfcc_delta_15_std,0.005912100430577993,1
mfcc_10_p10,0.005887661594897509,1
mfcc_12_p90,0.005815987475216389,1
mfcc_delta_14_p10,0.005723915062844753,1
contrast_1_p90,0.005672754254192114,1
mfcc_delta_10_p90,0.005574080161750317,1
mfcc_delta_3_std,0.005571864545345306,1
mfcc_15_std,0.005570381414145231,1
centroid_p90,0.0055444128811359406,1
mfcc_18_p10,0.005490710958838463,1
mfcc_12_p10,0.005489426199346781,1
mfcc_11_p90,0.005443021655082703,1
rolloff85_p90,0.05781146138906479,2
centroid_p90,0.03515632450580597,2
dominant_frequency_ratio,0.03234237805008888,2
mfcc_delta_10_p10,0.020385537296533585,2
mfcc_delta_2_p90,0.019148951396346092,2
mfcc_6_p90,0.01913241110742092,2
mfcc_16_p90,0.019079873338341713,2
mfcc_6_p10,0.017036383971571922,2
dominant_frequency,0.01689809188246727,2
mfcc_delta_10_std,0.016734657809138298,2
mfcc_6_mean,0.014769497327506542,2
mfcc_13_mean,0.014733591116964817,2
mfcc_delta_3_p10,0.01408479455858469,2
mfcc_delta_8_p90,0.013794385828077793,2
mfcc_delta_4_p10,0.013468481600284576,2
mfcc_13_p10,0.013437014073133469,2
mfcc_0_mean,0.013145174831151962,2
zero_crossing_rate_p90,0.011680478230118752,2
mfcc_5_mean,0.011665311641991138,2
contrast_0_p10,0.01130218617618084,2
mfcc_delta_2_p10,0.01121175941079855,2
bandwidth_p90,0.011208508163690567,2
mfcc_delta_8_p10,0.01007880363613367,2
spectral_entropy_p10,0.00967398565262556,2
spectral_entropy_mean,0.009435726329684258,2
mfcc_0_p90,0.009284941479563713,2
bandwidth_p10,0.009115255437791348,2
mfcc_1_std,0.008974329568445683,2
rolloff85_mean,0.00888068787753582,2
contrast_1_std,0.008746437728404999,2
spectral_entropy_std,0.008441317826509476,2
centroid_mean,0.00789907667785883,2
mfcc_delta_15_p90,0.0077259736135602,2
centroid_p10,0.007627887651324272,2
mfcc_16_mean,0.007350803818553686,2
mfcc_12_mean,0.007301533594727516,2
rms_p90,0.007040506694465876,2
mfcc_delta_1_p10,0.007027345709502697,2
rms_mean,0.006991961970925331,2
contrast_1_p90,0.006987745873630047,2
mfcc_delta_0_p90,0.006926936563104391,2
mfcc_delta_4_p90,0.006769530009478331,2
mfcc_19_mean,0.006392296403646469,2
mfcc_9_p90,0.006372625008225441,2
flatness_mean,0.006349749397486448,2
mfcc_delta_1_std,0.006271114572882652,2
mfcc_5_p90,0.006195186171680689,2
flatness_p10,0.006138712167739868,2
contrast_0_std,0.006125521380454302,2
contrast_3_mean,0.005996259860694408,2
contrast_3_p10,0.005965906195342541,2
mfcc_2_p90,0.005910820793360472,2
mfcc_8_p90,0.005838325712829828,2
mfcc_15_std,0.00580119714140892,2
mfcc_5_p10,0.005609006155282259,2
mfcc_12_p90,0.005598790477961302,2
rms_p10,0.005581261124461889,2
mfcc_0_p10,0.005549687892198563,2
contrast_1_mean,0.005393364932388067,2
flatness_std,0.005269864108413458,2
mfcc_delta_2_p90,0.04939616471529007,3
dominant_frequency,0.049061305820941925,3
contrast_5_std,0.03603524714708328,3
contrast_0_std,0.031114373356103897,3
bandwidth_p90,0.021284831687808037,3
mfcc_delta_10_std,0.020712312310934067,3
rolloff85_p90,0.019753390923142433,3
mfcc_8_p10,0.018406109884381294,3
mfcc_16_mean,0.017064735293388367,3
mfcc_2_p10,0.016397256404161453,3
mfcc_14_p10,0.014944855123758316,3
mfcc_18_mean,0.01429006364196539,3
mfcc_2_std,0.013501759618520737,3
mfcc_16_p90,0.012427488341927528,3
mfcc_12_p10,0.012396713718771935,3
mfcc_11_p90,0.01203665416687727,3
mfcc_3_p10,0.01126574445515871,3
mfcc_delta_5_p10,0.011198080144822598,3
mfcc_delta_11_p10,0.01099635660648346,3
mfcc_15_p10,0.010867893695831299,3
mfcc_9_p10,0.010597048327326775,3
mfcc_10_p10,0.010184617713093758,3
centroid_p90,0.010175284929573536,3
mfcc_16_p10,0.009219241328537464,3
mfcc_6_mean,0.009161269292235374,3
mfcc_14_mean,0.008996984921395779,3
rms_p10,0.008881105110049248,3
mfcc_7_p10,0.008795516565442085,3
mfcc_18_p10,0.008122894912958145,3
mfcc_delta_17_p90,0.007905172184109688,3
mfcc_10_std,0.0077286409214138985,3
mfcc_delta_9_p90,0.007610326167196035,3
mfcc_9_p90,0.0075216228142380714,3
flatness_p90,0.007398243993520737,3
mfcc_5_std,0.00721708731725812,3
centroid_p10,0.007005244959145784,3
contrast_5_mean,0.006854305509477854,3
mfcc_14_p90,0.006608711555600166,3
flatness_std,0.006266218610107899,3
contrast_5_p10,0.006256550084799528,3
mfcc_17_mean,0.0061241560615599155,3
mfcc_3_mean,0.006121884100139141,3
mfcc_delta_15_p90,0.005963841453194618,3
mfcc_3_p90,0.005842630285769701,3
mfcc_4_p10,0.005829223897308111,3
bandwidth_std,0.005705157294869423,3
mfcc_delta_12_p90,0.00565091148018837,3
mfcc_delta_17_std,0.005634694825857878,3
spectral_entropy_p90,0.005615349393337965,3
mfcc_18_p90,0.0055308872833848,3
mfcc_delta_2_p10,0.005489814095199108,3
flatness_mean,0.00548844039440155,3
mfcc_0_p90,0.005479941610246897,3
mfcc_delta_3_p90,0.005456368438899517,3
mfcc_1_p90,0.005250228568911552,3
mfcc_9_mean,0.005235721357166767,3
mfcc_delta_8_std,0.005198974162340164,3
contrast_2_p10,0.005156148225069046,3
mfcc_6_p10,0.005140931811183691,3
mfcc_11_p10,0.005130933132022619,3
centroid_p90,0.08702453225851059,4
rolloff85_p90,0.07935064285993576,4
mfcc_1_p10,0.049467653036117554,4
mfcc_11_mean,0.02911105379462242,4
zero_crossing_rate_std,0.02218206785619259,4
mfcc_delta_3_std,0.019598588347434998,4
contrast_1_p10,0.01550756860524416,4
mfcc_13_p90,0.015008482150733471,4
mfcc_15_mean,0.01430024765431881,4
centroid_std,0.011692308820784092,4
mfcc_10_p90,0.011061089113354683,4
rms_mean,0.010293963365256786,4
mfcc_15_p10,0.010147389955818653,4
rms_std,0.009968911297619343,4
mfcc_delta_13_p10,0.009962194599211216,4
mfcc_delta_5_std,0.009891059249639511,4
mfcc_6_p90,0.009650660678744316,4
mfcc_delta_3_p10,0.00959030818194151,4
mfcc_13_mean,0.009497498162090778,4
rms_p90,0.009011728689074516,4
mfcc_delta_5_p90,0.008551170118153095,4
mfcc_10_mean,0.008289724588394165,4
rolloff85_mean,0.008151313289999962,4
contrast_1_p90,0.008044353686273098,4
mfcc_12_p10,0.007918681018054485,4
mfcc_3_p10,0.007846282795071602,4
mfcc_8_p10,0.007605303078889847,4
mfcc_8_p90,0.007399743888527155,4
flatness_std,0.007190321572124958,4
mfcc_1_mean,0.007163321133702993,4
bandwidth_p90,0.006965641863644123,4
contrast_5_std,0.0068033779971301556,4
mfcc_0_p90,0.006762983277440071,4
spectral_entropy_std,0.006615852005779743,4
rolloff85_p10,0.006547559984028339,4
mfcc_delta_8_p10,0.006546787451952696,4
mfcc_5_p90,0.006533883977681398,4
mfcc_delta_9_std,0.006498452741652727,4
mfcc_18_mean,0.006459214258939028,4
contrast_2_p90,0.006428202148526907,4
mfcc_2_p90,0.006254229228943586,4
mfcc_delta_2_std,0.006231289356946945,4
mfcc_0_mean,0.006163077894598246,4
mfcc_6_mean,0.0061590420082211494,4
mfcc_delta_11_p90,0.006079733371734619,4
mfcc_delta_5_p10,0.005915177520364523,4
mfcc_12_p90,0.005497496109455824,4
mfcc_2_std,0.005331955384463072,4
mfcc_delta_2_p10,0.005315008107572794,4
mfcc_16_mean,0.005257022101432085,4
contrast_5_mean,0.00514888484030962,4
mfcc_delta_12_std,0.005000395700335503,4
contrast_1_mean,0.0049365670420229435,4
dominant_frequency_ratio,0.004934784024953842,4
mfcc_18_p10,0.0049127573147416115,4
rms_p10,0.0048800804652273655,4
mfcc_6_std,0.004797950852662325,4
mfcc_3_std,0.004726397804915905,4
mfcc_6_p10,0.004671109840273857,4
mfcc_17_p90,0.004634700249880552,4
