family,model,floor,margin,low,high,p_value,agreeing,folds
species,xgboost,logbook,-0.6602116797,-0.7803945726,-0.5400287868,0.0001077675,5,5
species,xgboost+probe,logbook,-0.5412484729,-0.7328750618,-0.349621884,0.0014281024,5,5
species,probe,logbook,-0.5371491792,-0.7308503994,-0.343447959,0.0015311434,5,5
species,xgboost_centred,logbook,-0.435806224,-0.7359221549,-0.1356902931,0.0157108148,5,5
species,logbook,metadata,0.3602873538,-0.0624672018,0.7830419094,0.0771404171,5,5
species,xgboost,metadata,-0.2999243259,-0.6609947349,0.0611460831,0.0823698021,5,5
species,xgboost+probe,metadata,-0.1809611191,-0.6273207452,0.265398507,0.3232952694,4,5
species,probe,metadata,-0.1768618254,-0.6485653776,0.2948417269,0.3566541559,4,5
species,xgboost_centred,metadata,-0.0755188702,-0.6127621503,0.4617244099,0.7162234056,3,5
